"","ID","NOAACode","cpntLongitude","cpntLatitude"
"1","BARBA0",5,-75.838512,38.055882
"2","BARBA1",5,-75.852561,38.044582
"3","BARCC0",5,-75.806269,38.060092
"4","BARCO0",5,-75.792625,38.060626
"5","BARDC0",5,-75.844643,38.031465
"6","BARFW0",5,-75.836087,38.066634
"7","BARJC0",5,-75.833849,38.034766
"8","BARJI0",5,-75.829624,38.046295
"9","BARMB0",5,-75.79723,38.068398
"10","BARMG0",5,-75.807078,38.053759
"11","BARMI0",5,-75.782437,38.064897
"12","BARNR0",5,-75.796112,38.055555
"13","BARRC0",5,-75.773807,38.07536
"14","BARSP0",5,-75.856237,38.060967
"15","BARTP0",5,-75.850653,38.038326
"16","BRCBM0",537,-76.235943,38.7414
"17","BRCBP0",537,-76.259843,38.752403
"18","BRCBR0",537,-76.262183,38.725575
"19","BRCCO0",537,-76.270561,38.742644
"20","BRCCP0",537,-76.223594,38.741964
"21","BRCDN0",537,-76.247963,38.733933
"22","BRCDP0",537,-76.222839,38.74346
"23","BRCFO0",537,-76.226925,38.767436
"24","BRCGB0",537,-76.251236,38.714307
"25","BRCHA0",537,-76.258154,38.778957
"26","BRCHP0",537,-76.253526,38.769683
"27","BRCHR0",537,-76.2208,38.750883
"28","BRCIA0",137,-76.227844,38.682852
"29","BRCIC0",137,-76.221766,38.680139
"30","BRCIC1",137,-76.225205,38.667972
"31","BRCJH0",537,-76.213293,38.734845
"32","BRCJP0",537,-76.278505,38.742405
"33","BRCLP0",137,-76.260011,38.705936
"34","BRCMP0",537,-76.249447,38.745213
"35","BRCPC0",537,-76.204794,38.735883
"36","BRCPO0",537,-76.262989,38.745189
"37","BRCRO0",137,-76.245194,38.685425
"38","BRCSI0",537,-76.266667,38.740304
"39","BRCUR0",537,-76.258048,38.782478
"40","BRCWF0",537,-76.23813,38.755693
"41","BRCWI0",537,-76.227254,38.754516
"42","BRCWP0",537,-76.258747,38.746458
"43","BRCYR0",537,-76.229833,38.769933
"44","DOSDR0",27,-76.4154,38.5576
"45","DOSJP0",27,-76.373994,38.54269
"46","DOSND0",129,-76.2775,38.300966
"47","DOSPI0",27,-76.316053,38.421383
"48","DOSSP0",129,-76.28023,38.341188
"49","DOSTR0",27,-76.361444,38.491416
"50","EBNBE0",39,-76.23549,38.899655
"51","EBNBE1",39,-76.238908,38.889945
"52","EBNBE2",39,-76.248292,38.897957
"53","EBNBE3",39,-76.237945,38.911667
"54","EBNBG0",39,-76.221222,38.882164
"55","EBNBH0",39,-76.329572,38.885112
"56","EBNBI0",39,-76.2529,38.931435
"57","EBNBN0",39,-76.318465,38.903939
"58","EBNBO0",39,-76.275698,38.905097
"59","EBNBR0",39,-76.321394,38.883458
"60","EBNBS0",39,-76.297398,38.879849
"61","EBNBS1",39,-76.280143,38.886137
"62","EBNBU0",39,-76.24987,38.96476
"63","EBNCA0",39,-76.273167,38.925542
"64","EBNCC0",39,-76.221486,38.935351
"65","EBNCI0",39,-76.288533,38.920772
"66","EBNCN0",39,-76.286597,38.908805
"67","EBNCO0",39,-76.28595,38.944417
"68","EBNDO0",39,-76.24982,38.936072
"69","EBNES0",39,-76.310444,38.912817
"70","EBNGC0",39,-76.339013,38.910519
"71","EBNGW0",39,-76.20265,38.888061
"72","EBNHB0",39,-76.220889,38.94549
"73","EBNHI0",39,-76.247375,38.959035
"74","EBNHN0",39,-76.348435,38.84756
"75","EBNHO0",39,-76.232239,38.929539
"76","EBNHR0",39,-76.220889,38.94549
"77","EBNIC0",39,-76.322407,38.944564
"78","EBNJH0",39,-76.314267,38.928873
"79","EBNJI0",39,-76.278611,38.928979
"80","EBNLP0",39,-76.325462,38.867177
"81","EBNMA0",39,-76.331189,38.911995
"82","EBNMB0",39,-76.30409,38.893863
"83","EBNMH0",39,-76.218038,38.901616
"84","EBNNF0",39,-76.267037,38.911529
"85","EBNNM0",39,-76.244037,38.92575
"86","EBNNM1",39,-76.242786,38.917985
"87","EBNPC0",39,-76.309367,38.93305
"88","EBNPH0",39,-76.308527,38.919515
"89","EBNPI0",39,-76.262796,38.901805
"90","EBNPM0",39,-76.314209,38.937463
"91","EBNPN0",39,-76.24558,38.917231
"92","EBNPN1",39,-76.254733,38.91639
"93","EBNPP0",39,-76.205308,38.882811
"94","EBNPR0",39,-76.240894,38.946455
"95","EBNPT0",39,-76.332321,38.895422
"96","EBNRM0",39,-76.309139,38.904139
"97","EBNRN0",39,-76.287687,38.864462
"98","EBNRO0",39,-76.309565,38.94406
"99","EBNSC0",39,-76.330647,38.9051
"100","EBNSM0",39,-76.218527,38.915168
"101","EBNSP0",39,-76.255084,38.96028
"102","EBNST0",39,-76.316535,38.923038
"103","EBNTH0",39,-76.312111,38.953498
"104","EBNTP0",39,-76.292458,38.894756
"105","EBNWC0",39,-76.242467,38.962004
"106","EBNWG0",39,-76.317697,38.893282
"107","EBNWW0",39,-76.246897,38.948544
"108","EBSFB0",39,-76.275832,38.855474
"109","EBSLP0",27,-76.334443,38.796573
"110","EBSMD0",27,-76.320736,38.820428
"111","EBSSM0",39,-76.293315,38.849414
"112","EBSTP0",39,-76.263562,38.867975
"113","EBSUH0",39,-76.253203,38.866396
"114","EBSWP0",39,-76.30759,38.841258
"115","ECBPO0",127,NA,NA
"116","FIBBH0",43,-76.033061,38.229867
"117","FIBBU0",43,-76.010141,38.28706
"118","FIBBU1",43,-76.000842,38.288019
"119","FIBCI0",43,-75.98215,38.234647
"120","FIBCI1",43,-75.96861,38.240969
"121","FIBDI0",43,-75.998811,38.270333
"122","FIBDI1",43,-76.007818,38.267439
"123","FIBEV0",43,-76.007764,38.252072
"124","FIBEV1",43,-75.983904,38.258091
"125","FIBFC0",43,-76.041144,38.304378
"126","FIBFR0",43,-76.008111,38.327008
"127","FIBGC0",43,-76.020799,38.26729
"128","FIBGC1",43,-76.031971,38.271013
"129","FIBGC2",43,-76.018551,38.281027
"130","FIBHI0",43,-76.024694,38.315588
"131","FIBHI1",43,-76.023799,38.313511
"132","FIBHW0",43,-76.013177,38.320694
"133","FIBOH0",43,-76.029439,38.298965
"134","FIBOH1",43,-76.022766,38.300599
"135","FIBPO0",43,-76.022025,38.310832
"136","FIBRE0",43,-76.023085,38.287351
"137","FIBSS0",43,-76.011036,38.235237
"138","FIBSS1",43,-75.994293,38.235455
"139","FIBTC0",43,-76.033072,38.254054
"140","FIBTH0",43,-76.034711,38.318878
"141","FIBTH1",43,-76.036888,38.321679
"142","FIBWS0",43,-76.022791,38.225222
"143","FIBWS1",43,-76.020692,38.233582
"144","HACCH0",437,-76.306622,38.719136
"145","HACEP0",437,-76.30749,38.731062
"146","HACGM0",137,-76.278733,38.705505
"147","HACHU0",437,-76.311618,38.74118
"148","HACLN0",437,-76.29643,38.767958
"149","HACLO0",437,-76.309102,38.755684
"150","HACMP0",437,-76.302902,38.741008
"151","HACRI0",437,-76.28825,38.772086
"152","HACSM0",437,-76.304229,38.767654
"153","HACSP0",437,-76.30657,38.74885
"154","HACTN0",437,-76.302394,38.731717
"155","HACTU0",437,-76.298527,38.709164
"156","HACTW0",437,-76.321632,38.705571
"157","HACUH0",437,-76.271721,38.782817
"158","HACWA0",437,-76.306722,38.760229
"159","HACWC0",437,-76.307778,38.702744
"160","HLSAI0",292,-76.076846,38.147638
"161","HLSCH0",192,-76.079972,38.093401
"162","HLSDB0",192,-76.026726,38.135821
"163","HLSHE0",192,-76.066747,38.109889
"164","HLSHI0",192,-76.08453,38.121733
"165","HLSHS0",292,-76.018568,38.148795
"166","HLSHW0",192,-76.075835,38.117405
"167","HLSJP0",192,-76.044455,38.119935
"168","HLSNI0",292,-76.065084,38.15521
"169","HLSPC0",192,-76.048128,38.100512
"170","HLSSE0",192,-76.052472,38.123335
"171","HLSSN0",292,-76.04852,38.141091
"172","HLSSW0",192,-76.069171,38.130749
"173","HORBC0",47,-76.210822,38.314177
"174","HORBE0",47,-76.16356,38.293996
"175","HORCC0",47,-76.177317,38.341936
"176","HORCP0",47,-76.126427,38.266272
"177","HORCP1",47,-76.127744,38.264222
"178","HORDC0",47,-76.092656,38.2715
"179","HORDP0",47,-76.169113,38.303247
"180","HORDP1",47,-76.182074,38.303249
"181","HORDP2",47,-76.174249,38.3163
"182","HORFC0",47,-76.195285,38.301135
"183","HORFX0",47,-76.118735,38.294341
"184","HORGC0",47,-76.207479,38.332086
"185","HORGI0",47,-76.214036,38.343861
"186","HORGU0",47,-76.19298,38.343833
"187","HORHC0",47,-76.166189,38.279776
"188","HORHI0",47,-76.16585,38.269986
"189","HORLC0",47,-76.153055,38.291322
"190","HORLC1",47,-76.147325,38.291611
"191","HORLC2",47,-76.148835,38.303802
"192","HORLP0",47,-76.115078,38.276948
"193","HORLT0",47,-76.155625,38.257769
"194","HORLT1",47,-76.15507,38.252992
"195","HORLT2",47,-76.156822,38.262303
"196","HORNO0",47,-76.121886,38.249022
"197","HORNO1",47,-76.132561,38.251642
"198","HORNO2",47,-76.108805,38.256426
"199","HORPA0",47,-76.137908,38.270586
"200","HORPA2",47,-76.144444,38.26758
"201","HORPE0",47,-76.195911,38.353078
"202","HORSP0",47,-76.191319,38.299167
"203","HORTD0",47,-76.213378,38.351942
"204","HORTP0",47,-76.132003,38.273582
"205","HORWC0",47,-76.205422,38.361049
"206","HORWG0",47,-76.107577,38.283663
"207","HORWI0",47,-76.158969,38.272216
"208","HORWI1",47,-76.15221,38.276845
"209","HORWR0",47,-76.205351,38.320013
"210","HORWR1",47,-76.191729,38.332733
"211","HPSAP0",47,-76.098808,38.225761
"212","HPSAP1",47,-76.084875,38.217495
"213","HPSBB0",47,-76.109681,38.236278
"214","HPSBH0",47,-76.040867,38.217056
"215","HPSBL0",292,-76.052415,38.209394
"216","HPSGR0",292,-76.05712,38.20544
"217","HPSHC0",47,-76.047677,38.217637
"218","HPSHS0",47,-76.112753,38.214066
"219","HPSHS1",292,-76.105963,38.207337
"220","HPSHS2",47,-76.106947,38.222664
"221","HPSHS3",47,-76.122739,38.22213
"222","HPSJI0",47,-76.060519,38.227461
"223","HPSLH0",47,-76.086822,38.236882
"224","HPSOK0",292,-76.074838,38.201746
"225","HPSRI0",47,-76.138519,38.212228
"226","HPSRS0",292,-76.037496,38.209965
"227","KDSBO0",192,-76.072241,38.081458
"228","KDSDM0",192,-76.057467,38.060559
"229","KDSFG0",192,-76.09108333,38.02798333
"230","KDSKS0",192,-76.079154,38.059121
"231","KDSKS1",129,-76.108739,38.050097
"232","KDSNK0",192,-76.049971,38.082023
"233","KDSOC0",192,-76.058768,38.069712
"234","KDSSH0",192,-76.020543,38.067453
"235","KDSSK0",192,-76.030292,38.039223
"236","KDSSS0",192,-76.065978,38.080467
"237","KDSWS0",192,-76.030744,38.060317
"238","KDSWS1",192,-76.046842,38.056293
"239","KESBC0",127,-76.344149,39.003395
"240","KESBH0",127,-76.369771,38.946532
"241","KESGT0",127,-76.381122,38.892621
"242","KESGY0",127,-76.386402,38.858982
"243","KESHA0",127,-76.382311,38.876528
"244","KESKP0",127,-76.385643,38.842677
"245","LAABS0",127,-76.497463,38.800073
"246","LAACO0",127,-76.464659,38.864771
"247","LAAFA0",27,-76.549278,38.752873
"248","LAAHA0",127,-76.41913,38.977937
"249","LAAHB0",27,-76.549441,38.755895
"250","LAAHP0",27,-76.515286,38.743698
"251","LAAKC0",27,-76.447433,38.94895
"252","LAALO0",27,-76.5247,38.756151
"253","LAALU0",127,-76.460882,38.871693
"254","LAAMM0",27,-76.455067,39.00105
"255","LAAOW0",127,-76.463955,38.895405
"256","LAAPA0",127,-76.505193,38.794851
"257","LAASH0",127,-76.477233,38.868141
"258","LAASN0",127,-76.396265,39.00073
"259","LAASS0",127,-76.427037,38.992391
"260","LAATH0",127,-76.464202,38.845393
"261","LAATN0",127,-76.439922,38.906186
"262","LAATP0",127,-76.442392,38.946255
"263","LAATS0",127,-76.444094,38.895405
"264","LAAUG0",127,-76.453012,38.925096
"265","LAAWB0",127,-76.436696,38.964196
"266","LAAWC0",127,-76.433518,38.994351
"267","LAAWG0",127,-76.465221,38.828488
"268","LAAWH0",127,-76.447355,38.974326
"269","LARBC0",192,-75.861454,37.989573
"270","LARCA0",192,-75.869446,37.98705
"271","LARCR0",192,-75.859317,37.978233
"272","LARJC0",192,-75.86459,37.956162
"273","LARKI0",192,-75.878456,37.956252
"274","LARLI0",192,-75.875494,37.970568
"275","LARLO0",192,-75.868772,37.966736
"276","LAROH0",192,-75.889648,37.973779
"277","LBEBB0",229,-76.309667,38.045167
"278","LBECC0",192,-76.083269,37.989302
"279","LBEJH0",292,-76.101237,38.141114
"280","LBENM0",129,-76.185768,38.119189
"281","LBEPH0",192,-76.108485,38.11735
"282","LBESE0",129,-76.158825,38.101544
"283","LBESW0",129,-76.148607,38.002955
"284","LCBBB0",212,-75.289157,38.072671
"285","LCBBC0",212,-75.296855,38.098391
"286","LCBDI0",212,-75.280292,38.094776
"287","LCBDO0",129,-76.174811,38.117434
"288","LCBDR0",212,-75.269669,38.073273
"289","LCBDW0",212,-75.283851,38.06434
"290","LCBEC0",212,-75.310762,38.074206
"291","LCBFP0",192,-76.090424,38.031459
"292","LCBHN0",212,-75.263901,38.048719
"293","LCBHS0",212,-75.26865,38.044561
"294","LCBKE0",212,-75.280498,38.073503
"295","LCBLT0",212,-75.266886,38.061529
"296","LCBMG0",129,-76.1745,38.117
"297","LCBMP0",212,-75.295941,38.091137
"298","LCBMT0",212,-75.313383,38.071414
"299","LCBPH0",212,-75.285416,38.103113
"300","LCBPL0",229,-76.31335,38.067001
"301","LCBRA0",212,-75.304138,38.094869
"302","LCBSH0",212,-75.319357,38.069865
"303","LCBSM0",212,-75.274732,38.062876
"304","LCBSO0",192,-75.906704,38.039127
"305","LCBTO0",212,-75.29495,38.06833
"306","LCBWR0",212,-75.2915,38.056302
"307","LCHBL0",131,-76.20283,38.982776
"308","LCHBR0",131,-76.223143,38.998837
"309","LCHCA0",131,-76.282782,39.000463
"310","LCHDL0",25,-76.261365,39.146615
"311","LCHDR0",131,-76.257715,39.017003
"312","LCHEL0",131,-76.254927,39.055819
"313","LCHEN0",25,-76.268955,39.070337
"314","LCHFE0",131,-76.255064,39.00113
"315","LCHFP0",131,-76.24421,38.978629
"316","LCHGS0",25,-76.253948,39.11105
"317","LCHHT0",131,-76.24254,39.0682
"318","LCHHU0",25,-76.257305,39.124861
"319","LCHKI0",131,-76.24729,38.97385
"320","LCHLN0",25,-76.264852,39.140677
"321","LCHLO0",131,-76.233633,38.992737
"322","LCHLP0",25,-76.300795,39.053153
"323","LCHMD0",25,-76.268223,39.127354
"324","LCHMU0",131,-76.237017,39.009158
"325","LCHRO0",25,-76.252956,39.148947
"326","LCHSB0",131,-76.290896,39.024335
"327","LCHSC0",25,-76.255865,39.153136
"328","LCHSS0",131,-76.233296,39.013032
"329","LCHTC0",25,-76.269085,39.142585
"330","LCHTH0",25,-76.251662,39.145021
"331","LCHUB0",25,-76.259279,39.101011
"332","LCHWB0",131,-76.26385,39.032139
"333","LCHWF0",25,-76.260586,39.132256
"334","LCHWH0",25,-76.254468,39.147199
"335","LCHWM0",25,-76.24696,39.096444
"336","LCRBE0",137,-76.211694,38.659264
"337","LCRBW0",137,-76.318293,38.66525
"338","LCRCA0",137,-76.188632,38.627735
"339","LCRCA1",137,-76.197593,38.632977
"340","LCRCH0",137,-76.291655,38.690508
"341","LCRCL0",137,-76.245483,38.659211
"342","LCRCP0",137,-76.284105,38.650878
"343","LCRCW0",137,-76.222111,38.616898
"344","LCRCW1",137,-76.221834,38.634147
"345","LCRDA0",137,-76.272622,38.674361
"346","LCRDA1",137,-76.258136,38.68281
"347","LCRFR0",137,-76.276455,38.69058
"348","LCRLH0",137,-76.211694,38.645122
"349","LCRLI0",137,-76.186172,38.65466
"350","LCRLI1",137,-76.186305,38.66524
"351","LCRPH0",137,-76.291633,38.675175
"352","LCRRB0",137,-76.307439,38.641722
"353","LCRRB1",137,-76.306042,38.636308
"354","LCRSA0",137,-76.3077,38.682516
"355","LCRTP0",137,-76.249808,38.647672
"356","LCRTP1",137,-76.271252,38.631909
"357","LCRTP2",137,-76.265869,38.64364
"358","LCRTP3",137,-76.259388,38.660229
"359","LCSCM0",229,-76.37623,38.33003
"360","LCSCP0",229,-76.37489,38.366273
"361","LCSCP1",229,-76.375399,38.357423
"362","LCSHI0",229,-76.387258,38.313492
"363","LCSHI1",229,-76.372156,38.306656
"364","LCSLC0",229,-76.386122,38.350019
"365","LCSPM0",229,-76.392693,38.339897
"366","LCSPM1",229,-76.40069,38.338233
"367","LCSSI0",229,-76.405344,38.326833
"368","LCSUC0",229,-76.402679,38.342377
"369","LPRBO0",177,-76.558099,38.090999
"370","LPRCH0",177,-76.332844,38.044068
"371","LPRCH1",177,-76.334101,38.039342
"372","LPRCH2",177,-76.33816,38.040681
"373","LPRCU0",177,-76.526865,38.059364
"374","LPRGN0",177,-76.440473,37.999485
"375","LPRHI0",177,-76.461879,38.016419
"376","LPRJO0",177,-76.381963,38.080673
"377","LPRJO1",177,-76.37241,38.068188
"378","LPRKI0",177,-76.421627,38.101953
"379","LPRLB0",177,-76.379476,37.967776
"380","LPRLP0",177,-76.50958333,38.05045
"381","LPRMB0",177,-76.361732,37.968607
"382","LPRPP0",177,-76.52482,38.136058
"383","LPRSG0",177,-76.49039,38.114431
"384","LPRTP0",177,-76.507187,38.028109
"385","LPXBG0",168,-76.478271,38.328408
"386","LPXBI0",168,-76.460314,38.318606
"387","LPXBW0",168,-76.489146,38.328036
"388","LPXCM0",229,-76.409319,38.311658
"389","LPXCT0",168,-76.449767,38.319544
"390","LPXDP0",168,-76.43233,38.303302
"391","LPXGO0",168,-76.468364,38.309148
"392","LPXHE0",168,-76.487946,38.361922
"393","LPXHH0",168,-76.479873,38.338405
"394","LPXHN0",168,-76.492688,38.344362
"395","LPXKE0",168,-76.5154,38.332617
"396","LPXLG0",168,-76.457705,38.299381
"397","LPXLL0",168,-76.424833,38.315336
"398","LPXMI0",168,-76.43793,38.298255
"399","LPXOL0",229,-76.419243,38.317907
"400","LPXSH0",168,-76.453647,38.321572
"401","LPXSL0",168,-76.447454,38.313386
"402","LPXSM0",168,-76.438065,38.316756
"403","LPXSP0",168,-76.479979,38.324357
"404","LPXSW0",168,-76.445677,38.322094
"405","LPXTC0",168,-76.475161,38.316893
"406","LSMCA0",78,-76.46045,38.152497
"407","LSMCC0",78,-76.433951,38.116253
"408","LSMCH0",78,-76.463073,38.12553
"409","LSMCO0",78,-76.456667,38.165867
"410","LSMCP0",78,-76.451397,38.161551
"411","LSMED0",78,-76.457262,38.137377
"412","LSMFO0",78,-76.439986,38.129795
"413","LSMGO0",78,-76.45988,38.143232
"414","LSMIN0",78,-76.422548,38.165935
"415","LSMIS0",78,-76.420911,38.163712
"416","LSMJO0",78,-76.427406,38.159753
"417","LSMKE0",78,-76.433564,38.158327
"418","LSMLH0",78,-76.438844,38.142491
"419","LSMMC0",177,-76.462156,38.112555
"420","LSMML0",78,-76.449213,38.129713
"421","LSMPR0",78,-76.442207,38.149612
"422","LSMRH0",78,-76.440814,38.16364
"423","LSMRS0",78,-76.436917,38.155225
"424","LSMSP0",78,-76.42504,38.108753
"425","LSMTC0",78,-76.452132,38.155569
"426","LTCAS0",53,-76.25958,38.510525
"427","LTCBE0",53,-76.293459,38.557722
"428","LTCBG0",53,-76.291455,38.471186
"429","LTCBP0",53,-76.211841,38.538441
"430","LTCBR0",53,-76.211534,38.554092
"431","LTCBU0",53,-76.230488,38.537422
"432","LTCCA0",53,-76.245345,38.531022
"433","LTCCC0",53,NA,NA
"434","LTCCH0",53,-76.214829,38.56295
"435","LTCCI0",53,-76.298939,38.553505
"436","LTCCT0",53,-76.322322,38.507225
"437","LTCFC0",53,-76.201004,38.530273
"438","LTCGR0",53,-76.330024,38.503254
"439","LTCGV0",53,-76.183584,38.52833
"440","LTCHE0",53,-76.307421,38.508858
"441","LTCHO0",53,-76.275908,38.510637
"442","LTCHU0",53,-76.243679,38.541699
"443","LTCJO0",53,-76.191855,38.556808
"444","LTCLC0",53,-76.310116,38.519194
"445","LTCLP0",53,-76.266305,38.536968
"446","LTCMA0",53,-76.33393,38.490323
"447","LTCMP0",53,-76.227227,38.543438
"448","LTCNA0",53,-76.296644,38.515977
"449","LTCOC0",53,-76.334969,38.493978
"450","LTCPA0",53,-76.179414,38.563016
"451","LTCPH0",53,-76.314932,38.543252
"452","LTCRF0",53,-76.2875,38.551301
"453","LTCRO0",53,-76.24734,38.552314
"454","LTCRP0",53,-76.295802,38.533805
"455","LTCSA0",53,-76.207473,38.533622
"456","LTCSC0",53,-76.272251,38.504558
"457","LTCSU0",53,-76.257902,38.523568
"458","LTCTO0",53,-76.218376,38.547303
"459","LTCTS0",53,-76.231436,38.528896
"460","LTCWS0",53,-76.23601667,38.52933333
"461","LTSBT0",192,-76.027089,38.003452
"462","LTSCS0",192,-75.894078,37.917012
"463","LTSDB0",192,-75.951759,37.974296
"464","LTSDR0",192,-75.966663,37.987704
"465","LTSEP0",192,-76.014167,37.991667
"466","LTSFC0",192,-75.896523,37.931282
"467","LTSFI0",192,-75.939111,37.912658
"468","LTSGP0",192,-75.894087,37.955199
"469","LTSGR0",192,-75.929801,37.935255
"470","LTSOI1",192,-75.919112,37.957987
"471","LTSOW0",192,-75.961124,37.963009
"472","LTSPA1",192,-75.935802,37.982412
"473","LTSPH0",192,-75.916857,37.9548
"474","LTSSC0",192,-76.039942,37.962761
"475","LTSTC0",192,-75.982194,37.970068
"476","LTSTY0",192,-76.019277,37.962582
"477","MARCO0",57,-75.839877,38.131923
"478","MARCP0",57,-75.898094,38.084863
"479","MARDP0",57,-75.883257,38.101055
"480","MARDP1",57,-75.879525,38.092719
"481","MARDP2",57,-75.854053,38.112495
"482","MARGC0",57,-75.867611,38.09535
"483","MARGE0",57,-75.844392,38.136358
"484","MARGQ0",57,-75.840024,38.144385
"485","MARLD0",57,-75.939754,38.11166
"486","MARLS0",57,-75.913746,38.135596
"487","MARLT0",57,-75.930836,38.12337
"488","MARMC0",57,-75.8658,38.079401
"489","MARMI0",57,-75.890074,38.140296
"490","MARMY0",57,-75.891221,38.106346
"491","MARPI0",57,-75.901026,38.10395
"492","MARPP0",57,-75.89657,38.081363
"493","MARPS0",57,-75.912508,38.12019
"494","MARSP0",57,-75.80749,38.137112
"495","MARST0",57,-75.872454,38.133893
"496","MARTC0",57,-75.839029,38.120055
"497","MCBMC0",27,-76.46148333,38.93121667
"498","MCRBC0",137,-76.164717,38.67285
"499","MCRBE0",237,-76.123082,38.627518
"500","MCRBE1",237,-76.138431,38.635825
"501","MCRBS0",137,-76.164512,38.649614
"502","MCRCH0",237,-76.164015,38.620911
"503","MCRCH1",237,-76.156538,38.620297
"504","MCRCO0",237,-76.119281,38.586037
"505","MCRCP0",237,-76.147744,38.629444
"506","MCRCP1",237,-76.13858,38.625653
"507","MCRDI0",237,-76.093993,38.607559
"508","MCRDI1",237,-76.094435,38.613648
"509","MCRGM0",237,-76.070575,38.58393
"510","MCRGM1",237,-76.072427,38.579552
"511","MCRGM2",237,-76.078939,38.589474
"512","MCRHA0",237,-76.081253,38.598272
"513","MCRHA1",237,-76.08676,38.599236
"514","MCRHO0",137,-76.157941,38.659149
"515","MCRHP0",237,-76.142429,38.606517
"516","MCRHP1",237,-76.155813,38.606437
"517","MCRHW0",237,-76.119511,38.610151
"518","MCRHW1",237,-76.105255,38.606252
"519","MCRHW2",237,-76.121911,38.618994
"520","MCRIC0",137,-76.141621,38.66393
"521","MCRKI0",237,-76.075244,38.600186
"522","MCRKI1",237,-76.064838,38.592729
"523","MCRKI2",237,-76.078818,38.606226
"524","MCRLA0",237,-76.114037,38.634361
"525","MCRLB0",137,-76.105,38.5
"526","MCRLE0",237,-76.14848,38.620044
"527","MCRLE1",237,-76.140584,38.613844
"528","MCRMA0",137,-76.130588,38.671101
"529","MCRMB0",137,-76.106804,38.643511
"530","MCRSC0",237,-76.060746,38.586601
"531","MCRSC1",237,-76.056646,38.583954
"532","MCRSH0",237,-76.117063,38.596414
"533","MCRSH1",237,-76.130307,38.599031
"534","MCRSL0",237,-76.09994,38.593575
"535","MCRSL1",237,-76.104969,38.591511
"536","MCRTB0",237,-76.094116,38.599092
"537","MCRTB1",237,-76.09798,38.596421
"538","MCRUB0",237,-76.105983,38.64515
"539","MCRWI0",137,-76.153222,38.663784
"540","MGRBL0",55,-76.472979,39.064915
"541","MGRCN0",55,-76.49398077,39.07216582
"542","MGRDH0",55,-76.45771933,39.07181694
"543","MGRDO0",55,-76.457723,39.071815
"544","MGRPA0",55,-76.481268,39.076121
"545","MGRPE0",55,-76.440692,39.056183
"546","MGRPH0",55,-76.449612,39.082115
"547","MGRRP0",55,-76.48022167,39.074695
"548","MGRSB0",55,-76.448006,39.092155
"549","MGRTM0",55,-76.494393,39.072516
"550","MGRUM0",55,-76.483578,39.06743
"551","MGRWE0",55,-76.447561,39.074114
"552","MIRAC0",60,-76.210041,38.794539
"553","MIRAD0",60,-76.244675,38.860367
"554","MIRBA0",60,-76.182108,38.763589
"555","MIRBH0",60,-76.19298,38.777144
"556","MIRBN0",60,-76.255569,38.845244
"557","MIRCO0",60,-76.215836,38.861941
"558","MIRCX0",60,-76.154719,38.773134
"559","MIRDW0",60,-76.211497,38.801911
"560","MIREE0",60,-76.21135,38.832989
"561","MIRGF0",60,-76.191666,38.779608
"562","MIRHA0",60,-76.231922,38.825278
"563","MIRHH0",60,-76.237984,38.838868
"564","MIRHI0",60,-76.213525,38.841016
"565","MIRHO0",60,-76.238039,38.859677
"566","MIRLP0",60,-76.1782,38.767608
"567","MIRMM0",60,-76.221667,38.790833
"568","MIROO0",60,-76.203827,38.783136
"569","MIRPT0",60,-76.215738,38.851263
"570","MIRSC0",60,-76.212673,38.810721
"571","MIRSM0",60,-76.207938,38.785832
"572","MIRSP0",60,-76.202183,38.792455
"573","MIRST0",60,-76.254087,38.85228
"574","MIRSY0",60,-76.198986,38.833617
"575","MIRTB0",60,-76.236147,38.851683
"576","MIRTI0",60,-76.221519,38.817424
"577","MIRWE0",60,-76.222841,38.836114
"578","MIRWG0",60,-76.209119,38.821811
"579","MIRWT0",60,-76.199475,38.845386
"580","MPRBC0",277,-76.574939,38.199531
"581","MPRBP0",277,-76.628528,38.155869
"582","MPRCI0",277,-76.8363,38.243448
"583","MPRCP0",277,-76.634021,38.155417
"584","MPRHI0",277,-76.71441,38.211129
"585","MPRHP0",277,-76.690789,38.224679
"586","MPRHR0",277,-76.554583,38.180464
"587","MPRKH0",277,-76.673991,38.226704
"588","MPRKI0",277,-76.703461,38.163111
"589","MPRLB0",277,-76.795884,38.227158
"590","MPRNC0",277,-76.798588,38.177877
"591","MPRPB0",277,-76.655733,38.221204
"592","MPRPH0",277,-76.7778,38.223345
"593","MPRPO0",277,-76.666125,38.157047
"594","MPRRP0",277,-76.602689,38.157352
"595","MPRRP1",277,-76.606501,38.153257
"596","MPRRR0",177,-76.592423,38.125307
"597","MPRSB0",277,-76.763281,38.213648
"598","MPRST0",277,-76.639155,38.154182
"599","MPRTT0",177,-76.547443,38.160367
"600","MPRWP0",277,-76.688749,38.161052
"601","MPXBI0",368,-76.560858,38.407031
"602","MPXCC1",368,-76.579545,38.404846
"603","MPXCP0",268,-76.534998,38.384964
"604","MPXCP1",268,-76.527961,38.381973
"605","MPXGA0",368,-76.55845,38.393518
"606","MPXGA1",268,-76.543561,38.387888
"607","MPXGA2",368,-76.55855,38.38988
"608","MPXHP0",168,-76.510247,38.366124
"609","MPXIC0",368,-76.545259,38.403439
"610","MPXJB0",368,-76.589861,38.421022
"611","MPXJB1",368,-76.601174,38.428095
"612","MPXLF0",368,-76.592728,38.408106
"613","MPXLF1",368,-76.59479,38.415181
"614","MPXME0",168,-76.502312,38.376047
"615","MPXNE0",268,-76.521258,38.376644
"616","MPXNE1",168,-76.514097,38.369687
"617","MPXPE0",268,-76.521888,38.392466
"618","MPXPW0",368,-76.573523,38.41195
"619","MPXPW1",368,-76.572444,38.415934
"620","MPXUF0",368,-76.602251,38.416709
"621","MPXUF1",368,-76.607044,38.420061
"622","MTSBB0",129,-76.175167,38.116833
"623","MTSBC0",192,-75.993699,38.037402
"624","MTSBH0",192,-75.989296,38.120058
"625","MTSCH0",192,-75.974,37.810667
"626","MTSCS0",192,-75.966526,38.114423
"627","MTSDI0",292,-75.961865,38.137867
"628","MTSFC0",192,-75.884418,38.033321
"629","MTSFP0",192,-76.002863,38.032623
"630","MTSGY0",192,-75.978474,38.086438
"631","MTSHA0",192,-75.892009,38.050234
"632","MTSHA1",5,-75.865523,38.054354
"633","MTSHR0",192,-75.990263,38.111947
"634","MTSHZ0",57,-75.88061,38.064309
"635","MTSLR0",192,-75.987943,38.096811
"636","MTSMH0",192,-75.989002,38.071033
"637","MTSMH1",192,-75.976761,38.064999
"638","MTSPA0",57,-75.900584,38.075332
"639","MTSPC0",192,-76.011282,38.12064
"640","MTSPE0",192,-75.898896,38.061757
"641","MTSPE1",192,-75.913526,38.049258
"642","MTSPW0",192,-75.946622,38.073375
"643","MTSPW1",192,-75.923441,38.059108
"644","MTSSM0",192,-76.002876,38.074637
"645","MTSTE0",192,-75.99594,38.121106
"646","MTSTI0",192,-75.971027,38.023318
"647","MTSTS0",192,-75.972915,38.014544
"648","MTSTS1",192,-75.949877,38.032806
"649","MTSWI0",57,-75.953602,38.124513
"650","NWRBE0",292,-75.943333,38.223869
"651","NWRBH0",292,-75.944543,38.20775
"652","NWRBS0",62,-75.932361,38.293903
"653","NWRBU0",98,-75.875072,38.211196
"654","NWRCS0",62,-75.906158,38.305214
"655","NWRCT0",62,-75.910895,38.302946
"656","NWREV0",96,-75.899355,38.20926
"657","NWRFP0",292,-75.952861,38.227147
"658","NWRFP1",292,-75.96348,38.222614
"659","NWRGS0",96,-75.886145,38.217745
"660","NWRHH0",62,-75.931389,38.258314
"661","NWRHN0",62,-75.899715,38.311169
"662","NWRHO0",96,-75.851355,38.244175
"663","NWRHP0",292,-75.944171,38.197104
"664","NWRHS0",62,-75.917805,38.298277
"665","NWRIS0",96,-75.873732,38.229982
"666","NWRLG0",62,-75.908625,38.335618
"667","NWRLN0",62,-75.911853,38.320692
"668","NWRLS0",62,-75.912994,38.306233
"669","NWRMI0",62,-75.921563,38.229144
"670","NWRMV0",96,-75.805397,38.254025
"671","NWRNE0",62,-75.932547,38.252905
"672","NWROH0",62,-75.923839,38.295653
"673","NWROL0",62,-75.912773,38.253041
"674","NWROW0",62,-75.903089,38.307386
"675","NWRRC0",292,-75.9228,38.204553
"676","NWRRE0",62,-75.928169,38.264664
"677","NWRRW0",62,-75.929708,38.265853
"678","NWRSL0",62,-75.896086,38.313525
"679","NWRSP0",292,-75.900671,38.220975
"680","NWRUN0",62,-75.908303,38.32468
"681","NWRUS0",62,-75.880501,38.337328
"682","NWRWE0",62,-75.887202,38.332771
"683","NWRWG0",96,-75.863365,38.236468
"684","NWRWH0",96,-75.793591,38.2663
"685","NWRWL0",62,-75.919136,38.291631
"686","NWRWS0",292,-75.911904,38.206388
"687","OTH005",5,NA,NA
"688","OTH025",25,NA,NA
"689","OTH027",27,NA,NA
"690","OTH039",39,NA,NA
"691","OTH043",43,NA,NA
"692","OTH047",47,NA,NA
"693","OTH053",53,NA,NA
"694","OTH055",55,NA,NA
"695","OTH057",57,NA,NA
"696","OTH060",60,NA,NA
"697","OTH062",62,NA,NA
"698","OTH072",72,NA,NA
"699","OTH078",78,NA,NA
"700","OTH082",82,NA,NA
"701","OTH086",86,NA,NA
"702","OTH088",88,NA,NA
"703","OTH094",94,NA,NA
"704","OTH096",96,NA,NA
"705","OTH098",98,NA,NA
"706","OTH099",99,NA,NA
"707","OTH129",129,NA,NA
"708","OTH131",131,NA,NA
"709","OTH137",137,NA,NA
"710","OTH168",168,NA,NA
"711","OTH174",174,NA,NA
"712","OTH177",177,NA,NA
"713","OTH192",192,NA,NA
"714","OTH229",229,NA,NA
"715","OTH231",231,NA,NA
"716","OTH237",237,NA,NA
"717","OTH268",268,NA,NA
"718","OTH274",274,NA,NA
"719","OTH277",277,NA,NA
"720","OTH292",292,NA,NA
"721","OTH331",331,NA,NA
"722","OTH337",337,NA,NA
"723","OTH368",368,NA,NA
"724","OTH377",377,NA,NA
"725","OTH437",437,NA,NA
"726","OTH537",537,NA,NA
"727","OTH637",637,NA,NA
"728","OTHER0",0,NA,NA
"729","PAXHI0",229,-76.394801,38.313176
"730","PINBM0",27,-76.350896,38.766369
"731","PINGH0",27,-76.3448,38.742609
"732","PINHE0",27,-76.35018,38.757529
"733","PINMB0",27,-76.361616,38.754292
"734","PINPI0",27,-76.373083,38.76027
"735","PINPN0",27,-76.355613,38.773288
"736","PINPP0",27,-76.343074,38.76001
"737","PINSH0",27,-76.350065,38.74932
"738","PINSW0",27,-76.354353,38.780079
"739","POSAH0",72,-75.806379,37.95074
"740","POSBC0",72,-75.851996,37.922999
"741","POSBG0",72,-75.827762,37.930285
"742","POSCG0",72,-75.840175,37.92417
"743","POSFR0",72,-75.786714,37.930765
"744","POSGR0",72,-75.798639,37.925347
"745","POSGU0",72,-75.768748,37.941672
"746","POSKE0",72,-75.701073,37.969746
"747","POSKW0",72,-75.710425,37.973669
"748","POSLP0",72,-75.808615,37.945575
"749","POSMA0",72,-75.742014,37.953398
"750","POSOR0",72,-75.7124,37.95485
"751","POSST0",72,-75.804994,37.932375
"752","POSTL0",72,-75.867649,37.915647
"753","POSWA0",72,-75.803225,37.939433
"754","POSWP0",72,-75.821135,37.93105
"755","POSWR0",72,-75.807629,37.924879
"756","POTWR0",274,-76.84828333,38.365
"757","SCBAB0",174,-76.709697,38.276684
"758","SCBBB0",174,-76.696139,38.243723
"759","SCBBL0",174,-76.714047,38.261441
"760","SCBBS0",174,-76.704054,38.233919
"761","SCBBW0",174,-76.67021,38.247187
"762","SCBCC0",174,-76.724442,38.251544
"763","SCBCP0",174,-76.71034,38.257766
"764","SCBDC0",277,-76.740683,38.22135
"765","SCBGM0",174,-76.716881,38.296544
"766","SCBGO0",174,-76.660777,38.248978
"767","SCBHI0",277,-76.705278,38.224469
"768","SCBHJ0",174,-76.721757,38.295856
"769","SCBHO0",174,-76.735386,38.230122
"770","SCBHR0",277,-76.724736,38.217096
"771","SCBIS0",174,-76.642986,38.268203
"772","SCBLP0",174,-76.650722,38.261269
"773","SCBMC0",174,-76.632837,38.270653
"774","SCBMI0",174,-76.714531,38.270551
"775","SCBNF0",174,-76.725994,38.242805
"776","SCBOW0",174,-76.732422,38.239569
"777","SCBPP0",174,-76.649594,38.265996
"778","SCBRA0",174,-76.688959,38.253619
"779","SCBRP0",174,-76.713055,38.28733
"780","SCBSC0",277,-76.725844,38.228102
"781","SCBST0",174,-76.668544,38.258324
"782","SGCCH0",177,-76.513012,38.160422
"783","SGCCP0",177,-76.500139,38.150218
"784","SGCGP0",177,-76.476714,38.131599
"785","SGCHU0",177,-76.477687,38.12636
"786","SGCIS0",177,-76.488041,38.13253
"787","SGCLO0",177,-76.507411,38.158114
"788","SGCMS0",177,-76.486497,38.136776
"789","SGCRO0",177,-76.502105,38.149218
"790","SGCSG0",177,-76.470479,38.129703
"791","SGCSH0",177,-76.503861,38.152459
"792","SGCST0",177,-76.500301,38.136041
"793","SGCSW0",177,-76.500639,38.143195
"794","SGCTA0",177,-76.495971,38.144894
"795","SMCBP0",86,-76.412583,38.113814
"796","SMCCB0",86,-76.39753,38.098341
"797","SMCDP0",86,NA,NA
"798","SMCDU0",86,-76.395958,38.121287
"799","SMCGR0",86,-76.41284,38.121031
"800","SMCJU0",86,-76.407434,38.122382
"801","SMCOH0",177,-76.409188,38.102316
"802","SMCSC0",86,-76.409394,38.112585
"803","SMRIS0",78,NA,NA
"804","SMSBB0",192,-75.905167,38.041167
"805","SMSBU0",229,-76.323786,38.108347
"806","SMSBU1",229,-76.316553,38.11349
"807","SMSCP0",229,-76.371558,38.263797
"808","SMSCP1",229,-76.386419,38.271306
"809","SMSFH0",229,-76.312665,38.158333
"810","SMSFH1",229,-76.3035,38.140633
"811","SMSLI0",229,-76.312663,38.084508
"812","SMSLO0",229,-76.309975,38.054979
"813","SMSLO1",229,-76.295364,38.047192
"814","SMSMC0",229,-76.325812,38.170102
"815","SMSPE0",229,-76.337888,38.188218
"816","SMSRB0",229,-76.367228,38.212415
"817","SMSSJ0",229,-76.329656,38.122942
"818","SMSSP0",229,-76.300339,38.117363
"819","SMSSP1",229,-76.303592,38.123542
"820","SMSTE0",229,-76.347346,38.184994
"821","SORAB0",88,-76.528207,38.942364
"822","SORAL0",88,-76.531691,38.93666
"823","SORBB0",94,-76.529775,38.881428
"824","SORBF0",94,-76.52094,38.873392
"825","SORBN0",94,-76.533971,38.855044
"826","SORBP0",88,-76.540751,38.950322
"827","SORBR0",88,-76.52793,38.934419
"828","SORBU0",94,-76.533387,38.892
"829","SORCE0",94,-76.523791,38.854277
"830","SORCF0",94,-76.511192,38.855122
"831","SORCH0",94,-76.516903,38.878324
"832","SORCP0",94,-76.517282,38.866475
"833","SORCU0",127,-76.494344,38.858478
"834","SORDH0",94,-76.514293,38.873008
"835","SORDU0",127,-76.495678,38.872608
"836","SORDV0",88,-76.535397,38.947736
"837","SOREB0",88,-76.562683,38.95275
"838","SOREC0",94,-76.536596,38.845009
"839","SORFI0",94,-76.535702,38.887923
"840","SORFP0",88,-76.509318,38.928711
"841","SORGB0",88,-76.5383763,38.93174905
"842","SORHC0",39,-76.507364,38.936419
"843","SORHE0",88,-76.494859,38.923825
"844","SORHH0",88,NA,NA
"845","SORHI0",94,-76.531818,38.88549
"846","SORHP0",88,-76.502605,38.922809
"847","SORIR0",88,-76.510535,38.920701
"848","SORJA0",94,-76.524072,38.882906
"849","SORLA0",88,-76.527689,38.943847
"850","SORLB0",88,-76.51113833,38.9375
"851","SORMP0",88,-76.480216,38.899395
"852","SOROR0",88,-76.502854,38.914604
"853","SORPF0",88,-76.520905,38.927801
"854","SORPH0",94,-76.517257,38.858622
"855","SORRF0",88,-76.478405,38.91188
"856","SORRK0",88,-76.513405,38.923607
"857","SORRP0",88,-76.550205,38.947537
"858","SORRR0",94,-76.535427,38.844739
"859","SORSA0",127,-76.479313,38.886216
"860","SORSB0",88,-76.508333,38.908333
"861","SORSE0",94,-76.541844,38.885806
"862","SORSH0",94,-76.523683,38.878397
"863","SORSL0",88,-76.5176,38.93458333
"864","SORSP0",94,-76.533487,38.841227
"865","SORSR0",88,-76.487404,38.916708
"866","SORTL0",88,-76.519987,38.937189
"867","SORTP0",88,-76.491274,38.90971
"868","SORTU0",94,-76.533218,38.847539
"869","STSOH0",192,NA,NA
"870","STSPI0",192,NA,NA
"871","SVRAC0",82,-76.527481,39.031546
"872","SVRAP0",82,-76.539201,39.040816
"873","SVRBI0",82,-76.5669,39.042655
"874","SVRBR0",82,-76.538851,39.032187
"875","SVRCC0",82,-76.476787,38.988458
"876","SVRCH0",82,-76.520744,39.02064
"877","SVRCL0",82,-76.528872,39.022918
"878","SVRCO0",82,-76.48635235,38.98604862
"879","SVRCP0",82,-76.461129,38.960692
"880","SVRFP0",82,-76.481087,38.991556
"881","SVRHP0",82,-76.468409,38.973475
"882","SVRIG0",82,-76.457907,38.976267
"883","SVRLS0",82,-76.468967,38.98157
"884","SVRMN0",82,-76.48,38.97
"885","SVRMP0",82,-76.515495,39.009542
"886","SVROF0",82,-76.464868,38.980059
"887","SVRPE0",82,-76.487749,38.998822
"888","SVRPO0",82,-76.525594,39.0275
"889","SVRPP0",82,-76.550781,39.035678
"890","SVRRB0",82,-76.557353,39.050729
"891","SVRRL0",82,-76.514449,39.016214
"892","SVRRU0",82,-76.548612,39.057676
"893","SVRSA0",82,-76.518552,39.012087
"894","SVRSJ0",82,-76.49408333,38.98436667
"895","SVRSP0",82,-76.510565,39.008596
"896","SVRTH0",82,-76.500208,39.007259
"897","SVRUS1",82,-76.490271,38.992016
"898","SVRUS2",82,-76.481294,38.977598
"899","SVRWA0",82,-76.501848,39.002462
"900","SVRWL0",82,-76.4916,38.994934
"901","SVRWU0",82,-76.497068,38.998579
"902","TABBB0",129,-76.267688,38.369794
"903","TABDR0",129,-76.239977,38.337743
"904","TABGB0",129,-76.252965,38.339381
"905","TABHC0",129,-76.230017,38.301894
"906","TABHP0",129,-76.25334,38.361045
"907","TABPI0",129,-76.245871,38.328222
"908","TABTB0",129,-76.243451,38.334473
"909","TABTC0",47,-76.234672,38.34593
"910","TABWA0",47,-76.209693,38.287033
"911","TABWW0",129,-76.237711,38.313605
"912","TARBA0",637,-76.121947,38.708351
"913","TARBC0",637,-76.137061,38.711575
"914","TARBC1",637,-76.140336,38.708497
"915","TARBP0",637,-76.18273,38.670055
"916","TARCM0",637,-76.174445,38.678888
"917","TARCP0",637,-76.12063,38.740618
"918","TARDE1",637,-76.138393,38.729004
"919","TARDM0",637,-76.138159,38.73129
"920","TARDM1",637,-76.137549,38.734458
"921","TARFH0",637,-76.187391,38.684216
"922","TARFH1",637,-76.194863,38.680059
"923","TARFL0",637,-76.139511,38.724481
"924","TARFL1",637,-76.138392,38.723861
"925","TARGN0",637,-76.172772,38.704442
"926","TARJO0",637,-76.126477,38.734179
"927","TARLC0",637,-76.147314,38.702036
"928","TARLC1",637,-76.143799,38.700365
"929","TARMA0",637,-76.145911,38.715955
"930","TARMA1",637,-76.150079,38.715832
"931","TARMP0",637,-76.15073,38.705914
"932","TARMP1",637,-76.151767,38.706394
"933","TARMT1",637,-76.147992,38.722287
"934","TARMX1",637,-76.124784,38.737778
"935","TAROH0",637,-76.130003,38.713156
"936","TAROR0",637,-76.144297,38.724644
"937","TAROR1",637,-76.14545,38.726984
"938","TAROX0",637,-76.17643333,38.67928333
"939","TARPP0",637,-76.165297,38.703678
"940","TARPP1",637,-76.164929,38.707263
"941","TARSC0",637,-76.176058,38.686337
"942","TARSI0",637,-76.170024,38.699176
"943","TARTP0",637,-76.180266,38.695747
"944","TARTR0",637,-76.122459,38.71381
"945","TARWP0",637,-76.119266,38.75218
"946","TASBH0",27,-76.35674,38.730506
"947","TASCB0",27,-76.390397,38.611233
"948","TASPI0",27,-76.387933,38.779022
"949","TASPO0",27,-76.366367,38.698205
"950","TASST0",27,-76.378505,38.648614
"951","TRBBR0",137,-76.28964,38.605965
"952","TRBBR1",137,-76.299502,38.606057
"953","TRBDI0",27,-76.328955,38.609566
"954","TRBDI1",137,-76.307938,38.609546
"955","TRBDI2",137,-76.320784,38.622664
"956","TRBDU0",137,-76.292819,38.61475
"957","TRBDU1",137,-76.290192,38.611781
"958","TRBHN0",27,-76.348689,38.578629
"959","TRBHP0",27,-76.327391,38.582666
"960","TRBHP1",137,-76.307158,38.589622
"961","TRBHS0",27,-76.348938,38.56194
"962","TRBMP0",137,-76.295987,38.596388
"963","TRBMP1",137,-76.292122,38.600072
"964","TRBSH0",27,-76.346869,38.613655
"965","TRBSP0",137,-76.310039,38.624958
"966","TRBSP1",137,-76.300146,38.622398
"967","UAABE0",25,-76.369468,39.083616
"968","UAABN0",25,-76.422851,39.147803
"969","UAABS0",25,-76.410701,39.125104
"970","UAALE0",25,-76.376937,39.132593
"971","UAAMP0",25,-76.414272,39.07944
"972","UAANF0",25,-76.357115,39.143789
"973","UAAOM0",55,-76.411843,39.045819
"974","UAASF0",25,-76.412266,39.155823
"975","UAASK0",25,-76.371347,39.141407
"976","UAASN0",25,-76.39186,39.027922
"977","UBEDS0",25,-76.230264,39.250805
"978","UBEHO0",25,-76.27045,39.182444
"979","UBEPS0",25,-76.211237,39.288725
"980","UBESP0",25,-76.29469,39.134007
"981","UBETL0",25,-76.247444,39.218187
"982","UBEUS0",129,-76.2263,38.26241667
"983","UBWCL0",25,-76.249555,39.25074
"984","UBWGL0",25,-76.296662,39.216251
"985","UBWMB0",25,-76.26858,39.21649
"986","UBWMI0",25,-76.342493,39.215451
"987","UBWMR0",25,-76.306837,39.207622
"988","UBWMW0",25,-76.372264,39.183632
"989","UBWPI0",25,-76.252145,39.268906
"990","UBWTT0",25,-76.31768,39.214436
"991","UCBEN0",312,-75.238965,38.191696
"992","UCBHH0",312,-75.238525,38.204217
"993","UCBLL0",312,-75.247547,38.194239
"994","UCBNE0",312,-75.227264,38.200105
"995","UCBRM0",312,-75.255557,38.15654
"996","UCBSA0",312,-75.24208,38.16663
"997","UCBSC0",312,-75.264474,38.15043
"998","UCBSO0",312,-75.259107,38.144316
"999","UCBSP0",312,-75.217436,38.207204
"1000","UCBTU0",312,-75.243503,38.174463
"1001","UCHBA0",231,-76.148773,39.13184
"1002","UCHBB0",231,-76.192336,39.011354
"1003","UCHBE0",231,-76.206353,39.041675
"1004","UCHBH0",231,-76.172433,39.106679
"1005","UCHBL0",231,-76.195603,39.073885
"1006","UCHBP0",231,-76.204212,39.058384
"1007","UCHBW0",331,-76.071216,39.136812
"1008","UCHCB0",331,-76.13007,39.107123
"1009","UCHCI0",231,-76.176861,39.014696
"1010","UCHCL0",231,-76.14726,39.103076
"1011","UCHCM0",231,-76.185421,39.074655
"1012","UCHDC0",231,-76.169588,39.119258
"1013","UCHDP0",331,-76.111818,39.11449
"1014","UCHDR0",231,-76.169187,39.111658
"1015","UCHDU0",231,-76.1956,39.025055
"1016","UCHEB0",231,-76.15808,39.098155
"1017","UCHEC0",231,-76.13443,39.07599
"1018","UCHEH0",331,-76.127799,39.102761
"1019","UCHEP0",231,-76.17262,39.132881
"1020","UCHEW0",231,-76.129283,39.079829
"1021","UCHHA0",331,-76.094108,39.130164
"1022","UCHHC0",131,-76.205136,39.009494
"1023","UCHHD0",231,-76.185736,39.059826
"1024","UCHHL0",231,-76.151994,39.084723
"1025","UCHHO0",331,-76.087259,39.130543
"1026","UCHHP0",131,-76.1974,39.005851
"1027","UCHHR0",231,-76.18493,39.028644
"1028","UCHHU0",231,-76.177569,39.096737
"1029","UCHIP0",231,-76.168332,39.127148
"1030","UCHKC0",231,-76.153103,39.126897
"1031","UCHLI0",231,-76.200815,39.089562
"1032","UCHMC0",331,-76.106007,39.115586
"1033","UCHMP0",331,-76.077047,39.140586
"1034","UCHNI0",231,-76.178866,39.087525
"1035","UCHNO0",331,-76.077929,39.144451
"1036","UCHOF0",231,-76.168841,39.078944
"1037","UCHPH0",231,-76.144265,39.139723
"1038","UCHPI0",231,-76.194054,39.044201
"1039","UCHPO0",131,-76.178654,38.999623
"1040","UCHPP0",231,-76.11346,39.081173
"1041","UCHRC0",231,-76.160155,39.074107
"1042","UCHRE0",231,-76.16173,39.059627
"1043","UCHSC0",331,-76.102816,39.122403
"1044","UCHSE0",331,-76.115807,39.10769
"1045","UCHSH0",231,-76.120819,39.080604
"1046","UCHSP0",231,-76.147722,39.095705
"1047","UCHST0",231,-76.177569,39.102326
"1048","UCHTP0",231,-76.136005,39.081653
"1049","UCHWA0",231,-76.149594,39.150471
"1050","UCHWB0",231,-76.188039,39.087472
"1051","UCHWP0",231,-76.179543,39.144906
"1052","UCRBB0",337,-76.036125,38.575658
"1053","UCRBH0",337,-76.007473,38.590658
"1054","UCRBS0",337,-76.048275,38.581544
"1055","UCRBS1",337,-76.08826552,38.23162385
"1056","UCRCC0",337,-75.977128,38.630612
"1057","UCRCE0",337,-75.969264,38.635698
"1058","UCRCP0",337,-76.018893,38.578802
"1059","UCRDI0",337,-75.983103,38.601847
"1060","UCRDP0",337,-75.958258,38.645655
"1061","UCRGP0",337,-75.993689,38.594009
"1062","UCRJP0",337,-75.9843,38.610488
"1063","UCRMD0",337,-75.98789,38.60219
"1064","UCROS0",337,-76.002097,38.588184
"1065","UCRSB0",337,-76.038051,38.570518
"1066","UCRSC0",337,-76.051472,38.572503
"1067","UCRSL0",337,-76.028428,38.573725
"1068","UCRSP0",337,-75.981082,38.632469
"1069","UCRTP0",337,-75.979924,38.616783
"1070","UCSDD0",27,-76.501989,38.568168
"1071","UCSDD1",27,-76.499978,38.547079
"1072","UCSEM0",27,-76.482536,38.490886
"1073","UCSEM1",27,-76.496843,38.500028
"1074","UCSFP0",27,-76.429947,38.432342
"1075","UCSGR0",27,-76.490986,38.518268
"1076","UCSGR1",27,-76.491235,38.512171
"1077","UCSGR2",27,-76.503535,38.51701
"1078","UCSHP0",27,-76.503279,38.705498
"1079","UCSHP1",27,-76.511009,38.702478
"1080","UCSLS0",27,-76.504507,38.641333
"1081","UCSLS1",27,-76.515105,38.655591
"1082","UCSMA0",377,-77.011672,38.327701
"1083","UCSPP0",27,-76.490707,38.609582
"1084","UCSPP1",27,-76.494992,38.575597
"1085","UCSPP2",27,-76.505362,38.604746
"1086","UCSUS0",27,-76.517395,38.680503
"1087","UCSUS1",27,-76.514477,38.69009
"1088","UCSUS2",27,-76.515681,38.674572
"1089","UPRBE0",377,-77.039657,38.406982
"1090","UPRBL0",377,-76.960332,38.285148
"1091","UPRBP0",377,-76.977071,38.275847
"1092","UPRCB0",377,-76.954358,38.259314
"1093","UPRCP0",377,NA,NA
"1094","UPRGH0",377,-76.931067,38.218902
"1095","UPRGU0",377,-76.945031,38.238865
"1096","UPRHN0",377,-77.056306,38.425524
"1097","UPRLC0",377,-76.980271,38.333868
"1098","UPRLC1",377,-76.939062,38.322753
"1099","UPRMA0",377,NA,NA
"1100","UPRME0",377,NA,NA
"1101","UPRNO0",377,-76.896199,38.277955
"1102","UPRNR0",377,-76.917022,38.26876
"1103","UPROF0",377,-76.917937,38.222204
"1104","UPRPA0",377,-76.981726,38.34865
"1105","UPRPC0",377,-76.995429,38.396204
"1106","UPRSA0",377,-76.989568,38.372774
"1107","UPRSP0",377,-76.935628,38.293658
"1108","UPRSP1",377,-76.942393,38.286732
"1109","UPRST0",377,-76.990399,38.284669
"1110","UPRTY0",377,-77.010233,38.307772
"1111","UPRUC0",377,NA,NA
"1112","UPRWA0",377,-77.011718,38.316144
"1113","UPRWF0",277,-76.901275,38.196673
"1114","UPRWS0",377,-76.967972,38.269295
"1115","UPRYA0",377,-77.003697,38.336956
"1116","UPRYB0",377,-76.898015,38.270295
"1117","UPXBI0",368,-76.659362,38.488718
"1118","UPXBI1",368,-76.657618,38.490416
"1119","UPXBN0",368,-76.651786,38.463786
"1120","UPXBN1",368,-76.650347,38.468182
"1121","UPXBN2",368,-76.654133,38.458416
"1122","UPXBP0",368,-76.663818,38.480071
"1123","UPXBS0",368,-76.674364,38.500167
"1124","UPXCY0",368,-76.674814,38.50752
"1125","UPXEL0",368,-76.667537,38.521577
"1126","UPXFA0",368,-76.677546,38.554669
"1127","UPXHP0",368,-76.669022,38.507944
"1128","UPXJM0",368,-76.610598,38.434969
"1129","UPXKM0",368,-76.624139,38.453069
"1130","UPXLO0",368,-76.661483,38.518406
"1131","UPXMH0",368,-76.653261,38.478634
"1132","UPXMH1",368,-76.650748,38.474939
"1133","UPXMI0",368,-76.648386,38.477807
"1134","UPXOV0",368,-76.658392,38.489951
"1135","UPXPP0",368,-76.618197,38.443452
"1136","UPXSA0",368,-76.612305,38.424441
"1137","UPXSA1",368,-76.617311,38.423762
"1138","UPXSO0",368,-76.667923,38.492237
"1139","UPXSP0",368,-76.665937,38.513332
"1140","UPXTA0",368,-76.646263,38.462237
"1141","UPXTE0",368,-76.670253,38.526929
"1142","UPXTH0",368,-76.643728,38.454532
"1143","UPXTH1",368,-76.630078,38.441659
"1144","UPXTH2",368,-76.643674,38.449232
"1145","UPXTR0",368,-76.657271,38.473576
"1146","USMBI0",78,-76.449751,38.191483
"1147","USMBR0",78,-76.455675,38.20363
"1148","USMFC0",277,-76.52,38.215
"1149","USMGR0",78,-76.438334,38.176034
"1150","USMHB0",78,-76.444598,38.197333
"1151","USMHO0",78,-76.447689,38.199495
"1152","USMMP0",78,-76.456352,38.209102
"1153","USMPA0",78,-76.443482,38.19157
"1154","USMPO0",78,-76.450627,38.173102
"1155","USMSE0",78,-76.438665,38.188194
"1156","USMSP0",78,-76.452894,38.198875
"1157","USMTW0",78,-76.474089,38.217744
"1158","USMWS0",78,-76.442998,38.186949
"1159","UTSBB0",292,-76.018367,38.204191
"1160","UTSBI0",292,-76.036818,38.193824
"1161","UTSGC0",292,-76.020311,38.169704
"1162","UTSHA0",292,-75.961802,38.185452
"1163","UTSJA0",292,-76.009022,38.192786
"1164","UTSLA0",292,-75.984395,38.20776
"1165","UTSMR0",292,-75.9918,38.166331
"1166","UTSMU0",292,-76.002815,38.158175
"1167","UTSMU1",292,-75.98836,38.18621
"1168","UTSOO0",292,-75.963487,38.161427
"1169","UTSSA0",292,-76.005059,38.195058
"1170","UTSSS0",292,-75.992757,38.209078
"1171","UTSTC0",292,-76.011653,38.140516
"1172","UTSTE0",292,-75.990415,38.1475
"1173","WWRBC0",274,-76.831242,38.299478
"1174","WWRBI0",277,-76.798919,38.247219
"1175","WWRBL0",274,-76.805672,38.277961
"1176","WWRBP0",274,-76.81559,38.26813
"1177","WWRBU0",277,-76.81648,38.246641
"1178","WWRCC0",274,-76.830183,38.285053
"1179","WWRCH0",277,-76.781179,38.237904
"1180","WWRCL0",274,-76.846747,38.343427
"1181","WWRCO0",274,-76.844891,38.352162
"1182","WWRCP0",277,-76.83068,38.246196
"1183","WWRFE0",274,-76.842105,38.302821
"1184","WWRHC0",277,-76.784933,38.235148
"1185","WWRJL0",274,-76.851928,38.325613
"1186","WWRKE0",274,-76.846614,38.367224
"1187","WWRLA0",274,-76.827486,38.278036
"1188","WWRMC0",274,-76.836821,38.313085
"1189","WWRME0",274,-76.846747,38.33698
"1190","WWRMR0",274,-76.820011,38.253108
"1191","WWRMW0",274,-76.858003,38.334955
"1192","WWRRP0",274,-76.830588,38.270633
"1193","WWRRU0",274,-76.842896,38.326597
"1194","WWRSC0",277,-76.786889,38.242657
"1195","WWRSM0",274,-76.808431,38.253597
"1196","WWRSP0",274,-76.832286,38.261203
"1197","WWRSS0",277,-76.786944,38.232555
"1198","WWRST0",274,-76.850836,38.359675
"1199","WWRWA0",277,-76.782558,38.230861
"1200","WWRWH0",274,-76.810874,38.284411
"1201","WWRWI0",274,-76.844661,38.310805
"1202","WWRWL0",274,-76.855069,38.34553
"1203","WWRWM0",274,-76.835966,38.294775
"1204","WWRWP0",274,-76.820805,38.283519
"1205","WYRBH0",99,-76.191839,38.884632
"1206","WYRBI0",99,-76.192597,38.856483
"1207","WYRBR0",99,-76.172124,38.891903
"1208","WYRCF0",99,-76.158018,38.939996
"1209","WYRDI0",99,-76.15866,38.88234
"1210","WYRDP0",99,-76.188769,38.884428
"1211","WYRGP0",99,-76.137931,38.8814
"1212","WYRHE0",99,-76.188169,38.866435
"1213","WYRHO0",99,-76.190735,38.87483
"1214","WYRJU0",99,-76.151647,38.881064
"1215","WYRME0",99,-76.164678,38.878774
"1216","WYRMI0",99,-76.194647,38.865491
"1217","WYRPA0",99,-76.180864,38.888792
"1218","WYRPC0",99,-76.12,38.866667
"1219","WYRPP0",99,-76.163791,38.876572
"1220","WYRRH0",99,-76.17728,38.861075
"1221","WYRSB0",99,-76.187554,38.853236
"1222","WYRSF0",99,-76.158215,38.937332
"1223","WYRSH0",99,-76.19907,38.855741
"1224","WYRST0",99,-76.18175,38.866055
"1225","WYRSW0",99,-76.145035,38.882785
"1226","WYRWB0",99,-76.166297,38.866672
"1227","WYRWH0",99,-76.168427,38.869942
"1228","WYRWI0",99,-76.181114,38.885178
"1229","WYRWM0",99,-76.189339,38.878467
