"year","NOAACode","mean_sal_yr"
1988,5,16.8524256597123
1988,25,7.53373430990154
1988,27,12.4796271326378
1988,39,12.1804144038912
1988,43,14.5816642272497
1988,47,15.1011729618652
1988,53,13.7602004935293
1988,57,16.5574163145485
1988,60,12.3007171112821
1988,62,12.6129250195901
1988,72,16.8046513108945
1988,78,13.8780241386248
1988,82,10.2063433302696
1988,86,14.0324331080871
1988,88,10.5187167852288
1988,96,13.5451199399567
1988,99,11.464798365603
1988,127,11.4472819319307
1988,129,15.1295785070598
1988,131,10.3296288611434
1988,137,13.0626967229679
1988,168,13.9167953767744
1988,174,11.2537744845954
1988,192,16.8837586443154
1988,229,14.567007057896
1988,231,7.79800733079268
1988,237,11.7131482902204
1988,268,13.2914211763228
1988,274,9.19517124593019
1988,292,15.5308882977187
1988,331,5.61252558445096
1988,337,9.65468685152688
1988,368,11.3278984739685
1988,437,13.1256187248084
1988,537,12.7760078686544
1988,637,11.4545157901327
1989,5,15.1121097122536
1989,25,6.738705411118
1989,27,11.6691065781619
1989,39,11.4867559948829
1989,43,12.6898422196369
1989,47,13.8526075495012
1989,53,12.8306882072977
1989,57,14.9089248102656
1989,60,11.987078044876
1989,62,10.0892487060539
1989,72,15.7669053076608
1989,78,13.0169581604505
1989,82,9.03910322585146
1989,86,13.1889974130042
1989,88,9.12062671595525
1989,96,11.3260008372101
1989,99,10.8776742600367
1989,127,10.2380029261229
1989,129,14.1455087816856
1989,131,9.63634946805018
1989,137,12.3502767652034
1989,168,12.5954395035835
1989,174,9.850220710712
1989,192,16.1830866490101
1989,229,13.4859625289285
1989,231,7.28285192811633
1989,237,10.5419727210408
1989,268,11.9771887240755
1989,274,7.67326058140865
1989,292,14.1790102631959
1989,331,5.08343890265949
1989,337,8.35593852444047
1989,368,9.51993107760765
1989,437,12.8369120712099
1989,537,12.5173559525215
1989,637,10.822280924847
1990,5,14.9697524352171
1990,25,4.66515061577564
1990,27,9.90290067636032
1990,39,9.90713115312502
1990,43,12.3361813113152
1990,47,12.9443613689896
1990,53,11.9072068212798
1990,57,14.6890354522784
1990,60,10.5739114807925
1990,62,9.76209569490848
1990,72,15.6217274471807
1990,78,12.1594593767422
1990,82,7.66305148629133
1990,86,12.3692526363117
1990,88,8.21463028805555
1990,96,11.3027223643477
1990,99,9.73421131597817
1990,127,8.54584201834364
1990,129,13.0424265542764
1990,131,7.60313489121476
1990,137,11.1644637916373
1990,168,11.6054784935753
1990,174,9.32126548365957
1990,192,15.3816778795388
1990,229,12.5216798435111
1990,231,5.39152805955159
1990,237,9.92660143774256
1990,268,10.9244657279104
1990,274,7.08970439709588
1990,292,13.7411589127297
1990,331,3.72658320064302
1990,337,7.74150292918113
1990,368,8.91844061365649
1990,437,10.9807749420583
1990,537,10.9214488025864
1990,637,9.812785555589
1991,5,15.8428074784949
1991,25,8.10978796046714
1991,27,11.9522728991092
1991,39,11.7679671292927
1991,43,13.6688322876364
1991,47,14.3687058311358
1991,53,13.1104552666317
1991,57,15.6945694989754
1991,60,11.6392879984583
1991,62,11.4010875027775
1991,72,16.6148716401485
1991,78,12.9330109769894
1991,82,9.92037367706313
1991,86,13.1779818363795
1991,88,10.5657718441092
1991,96,12.4118893660223
1991,99,10.6718611220175
1991,127,11.3235338392979
1991,129,14.4934967829902
1991,131,10.2013015775788
1991,137,12.3106646692276
1991,168,13.1062232561305
1991,174,10.2967694841666
1991,192,16.3824310634333
1991,229,13.8249159720148
1991,231,7.95784603014841
1991,237,10.7060163854734
1991,268,12.6141753741658
1991,274,8.50612768439232
1991,292,14.8862570705851
1991,331,5.74263480282333
1991,337,8.7105719297187
1991,368,10.8737345357137
1991,437,12.7057214740866
1991,537,12.1539886538699
1991,637,10.5020391954063
1992,5,17.6910103345165
1992,25,7.73200973697283
1992,27,13.4368604108207
1992,39,13.2030787704944
1992,43,15.5658207975971
1992,47,16.3153731623281
1992,53,15.1412740754953
1992,57,17.5460338724337
1992,60,14.0749840984392
1992,62,12.8964362197056
1992,72,18.0769290530713
1992,78,14.8247140571032
1992,82,10.7707415989088
1992,86,14.9603359942647
1992,88,10.8368218856166
1992,96,13.9331756673578
1992,99,12.9643742649534
1992,127,11.7527022541033
1992,129,16.279107837908
1992,131,10.8554253624758
1992,137,14.7444369982681
1992,168,14.985846954147
1992,174,12.2350216546717
1992,192,18.4578393144126
1992,229,15.5365687772288
1992,231,8.15481643436381
1992,237,13.1399532844287
1992,268,14.4305585851258
1992,274,10.4879195057148
1992,292,16.7923064443704
1992,331,5.85286988851734
1992,337,10.726270067342
1992,368,12.4072206562093
1992,437,14.9796965431994
1992,537,14.7266492888934
1992,637,13.1333061459709
1993,5,14.8119928576175
1993,25,6.27305961515745
1993,27,10.9912355900224
1993,39,10.8123068168321
1993,43,12.9429675931927
1993,47,13.4532651525518
1993,53,12.4761649285444
1993,57,15.1477899707443
1993,60,11.3554959934594
1993,62,11.0395478565317
1993,72,15.6370964001222
1993,78,11.8227944346958
1993,82,8.46509042239361
1993,86,11.9860913207789
1993,88,8.93892923803957
1993,96,12.2278098753974
1993,99,10.5685975457526
1993,127,9.738025313525
1993,129,13.3778357755542
1993,131,9.07944927486796
1993,137,11.8525241611512
1993,168,11.8474773068232
1993,174,9.06654760904286
1993,192,15.3751706502498
1993,229,12.6257049515035
1993,231,6.91383244302912
1993,237,10.6699533676245
1993,268,11.1025395384158
1993,274,7.3148923016836
1993,292,14.1179301927333
1993,331,4.96711652569816
1993,337,8.75076245535008
1993,368,9.0895643547807
1993,437,11.9429891760791
1993,537,11.7311324462356
1993,637,10.5275933913379
1994,5,13.8717198536375
1994,25,5.20275508635183
1994,27,9.81469644911336
1994,39,9.52077789734427
1994,43,11.4282220703432
1994,47,12.457216767713
1994,53,11.3115658952324
1994,57,13.678664241366
1994,60,10.06386220231
1994,62,9.35074707335372
1994,72,14.3870422692865
1994,78,10.5539843573797
1994,82,7.57072825991043
1994,86,10.8897273658421
1994,88,7.81144429409198
1994,96,10.613716351933
1994,99,9.1111181574878
1994,127,8.52306020364093
1994,129,12.5739086667748
1994,131,7.65061224598746
1994,137,10.6975533388032
1994,168,10.3380091422369
1994,174,7.84459499943
1994,192,14.4452468158378
1994,229,11.3861062099765
1994,231,5.67758553771216
1994,237,9.06036089617357
1994,268,9.89629922694175
1994,274,6.32582655415902
1994,292,12.8393633350691
1994,331,3.96406185867175
1994,337,6.96284670247164
1994,368,8.01806693111576
1994,437,10.915443361326
1994,537,10.6511513269302
1994,637,9.25369456553304
1995,5,17.8398384678802
1995,25,8.30820126021968
1995,27,13.676590732157
1995,39,13.3367482912202
1995,43,15.5947640004129
1995,47,16.0865652811483
1995,53,15.053537924877
1995,57,17.7858903456328
1995,60,14.0617458682053
1995,62,13.7757430507534
1995,72,18.2040363356113
1995,78,14.854308723263
1995,82,11.3399909115924
1995,86,15.2097198211707
1995,88,11.1484764036177
1995,96,15.0807799192102
1995,99,12.9944631893932
1995,127,12.2411378818269
1995,129,16.201856031221
1995,131,11.0834765371351
1995,137,14.3051033916353
1995,168,14.5350448903595
1995,174,11.8149293417928
1995,192,18.0508417450411
1995,229,15.6587644756495
1995,231,8.61553542847582
1995,237,12.5919758816076
1995,268,13.8930660165213
1995,274,10.3867594918342
1995,292,16.8129565800185
1995,331,6.27567602438097
1995,337,10.2203316271143
1995,368,12.0708394649277
1995,437,14.8114445918656
1995,537,14.4979373379684
1995,637,12.6714490121317
1996,5,13.0701953213633
1996,25,3.42528784853709
1996,27,7.48914835079903
1996,39,7.30605272708701
1996,43,10.4534221818876
1996,47,11.1634375658338
1996,53,9.09947739335508
1996,57,12.3831202811913
1996,60,8.0502497519894
1996,62,8.18195807995423
1996,72,13.4683241695988
1996,78,9.44353588717456
1996,82,5.05121968445553
1996,86,9.52480319962181
1996,88,5.1234805590137
1996,96,9.42813172889733
1996,99,7.21875651682808
1996,127,6.01665055233276
1996,129,11.0403117191448
1996,131,5.45796582790501
1996,137,8.49907707085
1996,168,9.3725530763822
1996,174,6.08961291191287
1996,192,12.9958600644961
1996,229,10.2131307299373
1996,231,3.73676039956553
1996,237,7.22926213476864
1996,268,8.33373953607338
1996,274,3.99813004651046
1996,292,11.5709586171349
1996,331,2.47265730384553
1996,337,5.77902821618638
1996,368,6.15222475226007
1996,437,8.53591281405834
1996,537,8.45771126570555
1996,637,7.44116527969318
1997,5,14.4240858949885
1997,25,6.31634434444973
1997,27,10.7891521455197
1997,39,10.4946541263729
1997,43,11.9476277257954
1997,47,13.0781167414583
1997,53,12.0473923224903
1997,57,14.220725450162
1997,60,10.6978072907764
1997,62,9.52672463409995
1997,72,14.8951405075846
1997,78,12.2365699214991
1997,82,8.26187489272168
1997,86,12.49908770433
1997,88,9.01669471070466
1997,96,10.9758133672514
1997,99,9.71024514595726
1997,127,10.0720904766056
1997,129,13.4369077208549
1997,131,8.62437208780985
1997,137,11.3715838937581
1997,168,11.7682146942005
1997,174,9.31536734034779
1997,192,15.0109236825672
1997,229,12.9176425102351
1997,231,6.65296096757984
1997,237,9.33314843275516
1997,268,10.9424901823179
1997,274,7.90272252431414
1997,292,13.4453062963851
1997,331,4.82092578824037
1997,337,7.11497575613641
1997,368,9.23872517467018
1997,437,11.5900681628964
1997,537,11.2024279372224
1997,637,9.68998981902874
1998,5,14.7354710520727
1998,25,6.30485003658261
1998,27,10.0422026382157
1998,39,10.3157354600723
1998,43,11.6798538448282
1998,47,12.6658185027993
1998,53,11.6486907136458
1998,57,14.294567759699
1998,60,10.737329663881
1998,62,9.20442732227747
1998,72,15.2050686033554
1998,78,11.0431660213174
1998,82,8.68242516758427
1998,86,11.2346234196148
1998,88,8.73244739150519
1998,96,10.7760305941629
1998,99,9.99885760811289
1998,127,9.40622095557628
1998,129,12.7494754878519
1998,131,8.68462875524086
1998,137,11.0202558086101
1998,168,11.3824019345837
1998,174,8.7574735609423
1998,192,14.7520723160951
1998,229,11.9955227270848
1998,231,6.83147256000442
1998,237,9.48769251452355
1998,268,10.8603965782678
1998,274,7.06344563361949
1998,292,13.2044839011856
1998,331,4.97674247657613
1998,337,7.41923319361285
1998,368,9.13347007447788
1998,437,11.1668040663556
1998,537,11.0217830543819
1998,637,9.70917859842799
1999,5,16.9235686236572
1999,25,9.18509973298438
1999,27,13.4537117978885
1999,39,13.1678057536321
1999,43,14.772968626624
1999,47,15.972913861824
1999,53,14.6738033512006
1999,57,16.6029369304378
1999,60,13.7802055192024
1999,62,11.9840469833371
1999,72,17.9203535828683
1999,78,15.1966907638568
1999,82,11.956510153476
1999,86,15.3522563515516
1999,88,11.9258732966464
1999,96,13.1467511707317
1999,99,12.6654858026042
1999,127,12.6189759106008
1999,129,16.1877380737303
1999,131,11.1189670478397
1999,137,14.1422548346717
1999,168,15.0293772965138
1999,174,13.0145363867293
1999,192,17.8267052735505
1999,229,15.7055045654075
1999,231,8.79687736311561
1999,237,12.4926653683371
1999,268,14.4508588758051
1999,274,11.1893858778099
1999,292,16.0822508461162
1999,331,6.56677479778908
1999,337,10.1593171844855
1999,368,12.5103482565001
1999,437,14.4393152559532
1999,537,14.1341532339241
1999,637,12.5809593797188
2000,5,16.6050334455135
2000,25,7.15227135089799
2000,27,11.9802410933766
2000,39,11.5642077842337
2000,43,13.2267896108528
2000,47,14.3924797019125
2000,53,13.2141007123778
2000,57,16.2877866555814
2000,60,11.4198931429712
2000,62,10.3760921574377
2000,72,16.331885327019
2000,78,13.5152789151478
2000,82,9.46723319299265
2000,86,13.7390122991747
2000,88,10.1890601429259
2000,96,11.9789219958702
2000,99,10.4096975208393
2000,127,11.1024356827504
2000,129,14.8512231298458
2000,131,9.47434761419335
2000,137,12.5152864350744
2000,168,13.4886156104856
2000,174,11.1434390491211
2000,192,17.0693288597931
2000,229,14.2681009389971
2000,231,6.79928195517372
2000,237,10.6382957843519
2000,268,12.9105918013551
2000,274,9.10955720410825
2000,292,14.9750048893614
2000,331,5.02524115734712
2000,337,8.25850825415104
2000,368,10.7750094934929
2000,437,12.6736404689806
2000,537,12.1163204847419
2000,637,10.5492766007955
2001,5,16.8187486619655
2001,25,9.06338988064877
2001,27,13.8432706006271
2001,39,13.5038200476761
2001,43,14.547834725205
2001,47,16.3010189267273
2001,53,15.3233043666104
2001,57,17.0106102163487
2001,60,13.4648306946981
2001,62,11.2427344498926
2001,72,16.8047533308141
2001,78,14.9498354475861
2001,82,11.8197439850051
2001,86,15.3024028053389
2001,88,12.5357947899167
2001,96,12.660469911423
2001,99,12.5210978463436
2001,127,13.2367134934995
2001,129,16.7801105471732
2001,131,11.6194706325483
2001,137,14.2505628043019
2001,168,14.5163523472758
2001,174,12.0825366775806
2001,192,18.2802096700683
2001,229,15.8209724993292
2001,231,9.25608098033429
2001,237,12.1998600223947
2001,268,13.7944785498872
2001,274,10.3778502684524
2001,292,16.3271279764674
2001,331,6.56860423184632
2001,337,9.4349896625508
2001,368,11.6524703731119
2001,437,14.4515408942632
2001,537,13.922115330437
2001,637,12.1928199784014
2002,5,18.3613109764478
2002,25,8.52396141626223
2002,27,14.396572313312
2002,39,13.730955181208
2002,43,17.0059750471246
2002,47,17.6465970751326
2002,53,15.7277105887567
2002,57,18.6191210787497
2002,60,13.9918100125435
2002,62,13.725472729017
2002,72,17.7846724088324
2002,78,16.5354027891379
2002,82,11.9393286634964
2002,86,16.7787716152834
2002,88,12.8660765231635
2002,96,15.499648276682
2002,99,13.0055705930777
2002,127,13.5133142387943
2002,129,17.4691414634255
2002,131,10.956011136815
2002,137,14.3703489014346
2002,168,16.1612298482634
2002,174,14.6421493294692
2002,192,19.2435531408801
2002,229,16.8917341725935
2002,231,7.80912871268713
2002,237,13.8709901185415
2002,268,15.763362406094
2002,274,12.5560796652249
2002,292,18.0811705802408
2002,331,5.33202765643371
2002,337,11.874752665735
2002,368,14.0229894480724
2002,437,14.6446539193662
2002,537,14.2035227890157
2002,637,12.920634988515
2003,5,13.3078665229209
2003,25,4.51306768449641
2003,27,9.18113169105593
2003,39,9.02526820022079
2003,43,10.057531691192
2003,47,11.3805079016286
2003,53,10.3355071034733
2003,57,13.4554415801342
2003,60,9.49880288019522
2003,62,6.74485766680616
2003,72,12.7717578132368
2003,78,9.83020095801196
2003,82,6.54638340445303
2003,86,9.98896328857109
2003,88,6.75943131401546
2003,96,8.538147210313
2003,99,8.46869381034539
2003,127,7.78199357397742
2003,129,11.9405893522335
2003,131,6.99309293437782
2003,137,10.0503651160727
2003,168,9.93746377223602
2003,174,6.76874109071398
2003,192,14.5903937427754
2003,229,10.9128301468352
2003,231,4.8428099052001
2003,237,8.46356120047231
2003,268,9.09940360498248
2003,274,4.71563070656405
2003,292,12.1960084578889
2003,331,3.25609796290592
2003,337,5.95125642212468
2003,368,6.79512124115186
2003,437,10.2331965062468
2003,537,10.0060197203906
2003,637,8.8534967567324
2004,5,13.0326205867267
2004,25,3.29369302179298
2004,27,7.95253345284991
2004,39,7.72117222900581
2004,43,10.1466530611112
2004,47,10.3314638933505
2004,53,9.83929557644393
2004,57,13.096905454191
2004,60,8.46800371205062
2004,62,8.11376302507647
2004,72,12.7661188799115
2004,78,9.07219829481682
2004,82,5.67240572930202
2004,86,9.2578264497958
2004,88,6.37029753516281
2004,96,9.25311524340017
2004,99,7.48543204297163
2004,127,6.59718028143384
2004,129,11.0719922009936
2004,131,5.61131544588905
2004,137,9.44103916838512
2004,168,9.55877337382564
2004,174,7.30832493896805
2004,192,13.9439840748808
2004,229,9.93307315032381
2004,231,3.82666668943814
2004,237,8.49319936646161
2004,268,9.01060195031623
2004,274,5.40729571592762
2004,292,12.0642195202344
2004,331,2.60569036775776
2004,337,6.0106705013324
2004,368,6.97508240176916
2004,437,8.95032398268423
2004,537,8.9599667416453
2004,637,8.33967958503231
2005,5,14.1313423771891
2005,25,5.70392647158012
2005,27,9.95373417634274
2005,39,9.97448181902429
2005,43,10.6245435235343
2005,47,11.1339201179511
2005,53,11.0264755362661
2005,57,14.6233468884632
2005,60,10.0373112749528
2005,62,8.14604423426437
2005,72,13.5895359373289
2005,78,10.1753400597185
2005,82,7.9972349634265
2005,86,10.2263219019436
2005,88,8.81257164295629
2005,96,9.87768592599816
2005,99,9.14341930761983
2005,127,9.46014363035233
2005,129,11.9081065969789
2005,131,8.1306534287156
2005,137,10.8503937359606
2005,168,10.5861857675686
2005,174,8.5042344082353
2005,192,15.0280438565871
2005,229,10.8367237801383
2005,231,5.91953261634899
2005,237,9.81271763745707
2005,268,9.90321829215018
2005,274,6.85624527142723
2005,292,12.9227558047147
2005,331,4.17181597587391
2005,337,6.86880260569441
2005,368,8.28269232345952
2005,437,10.7610101955671
2005,537,10.5239011191637
2005,637,9.75352215149718
2006,5,15.4542812150198
2006,25,5.43679435126488
2006,27,10.2438011585437
2006,39,10.2513113314712
2006,43,11.930069838969
2006,47,12.3782770256197
2006,53,11.642932715319
2006,57,15.7319435159377
2006,60,10.5035183713845
2006,62,9.55407822952396
2006,72,13.4936620982777
2006,78,11.3145514036098
2006,82,8.41024018126011
2006,86,11.4411439348818
2006,88,9.08476996552691
2006,96,10.8560445256038
2006,99,9.44269275951458
2006,127,9.6370406818943
2006,129,12.9769024099052
2006,131,8.36027370794854
2006,137,11.4071299172641
2006,168,11.7625104431221
2006,174,9.51490186876291
2006,192,15.7444279474864
2006,229,12.1489384587369
2006,231,6.26281074560821
2006,237,10.2120106658779
2006,268,11.073140426389
2006,274,7.67985334173064
2006,292,13.5882093546025
2006,331,4.59778501091872
2006,337,7.01035717589276
2006,368,9.06818998579269
2006,437,11.3797427595906
2006,537,11.1435548858091
2006,637,10.089093967518
2007,5,15.5520481374559
2007,25,7.17758795436952
2007,27,11.8281723179921
2007,39,11.5229322117425
2007,43,13.0564892097207
2007,47,13.9697556387889
2007,53,12.9137842615342
2007,57,15.6150403130229
2007,60,11.6669083469504
2007,62,10.935391670799
2007,72,15.686261698698
2007,78,12.8069941160564
2007,82,9.59027676829614
2007,86,13.016563182922
2007,88,10.5177329018581
2007,96,12.0607496358949
2007,99,10.6923770979882
2007,127,11.0255640055789
2007,129,14.3467414558265
2007,131,9.72763482571833
2007,137,12.609018414672
2007,168,12.93474893047
2007,174,10.2448368990294
2007,192,16.2839994562461
2007,229,13.8276484617566
2007,231,7.99659038383707
2007,237,10.8214646289032
2007,268,12.3114656588135
2007,274,8.43910775237004
2007,292,14.6815231165911
2007,331,6.31045475029074
2007,337,7.93687784806042
2007,368,10.474426043359
2007,437,12.638037388894
2007,537,12.3143702956324
2007,637,11.0792092749291
2008,5,16.1010124623996
2008,25,6.44631032149741
2008,27,11.3644633351393
2008,39,10.9807600504029
2008,43,13.6535294630635
2008,47,13.7772128792422
2008,53,12.6332982766624
2008,57,16.5557840568987
2008,60,11.3449050900941
2008,62,11.9144385017274
2008,72,15.2564312063536
2008,78,12.6492704095476
2008,82,8.46220660525109
2008,86,12.8598685222517
2008,88,9.03134254618184
2008,96,13.1714073598185
2008,99,10.1639583651178
2008,127,9.97890992057306
2008,129,14.0678057984747
2008,131,9.10495248217783
2008,137,12.4445301302762
2008,168,12.5676679620022
2008,174,9.95191161742943
2008,192,17.1188845329917
2008,229,13.4387163587409
2008,231,7.04383422284729
2008,237,10.7801911484442
2008,268,11.9724388608197
2008,274,8.31842598188049
2008,292,15.406247641526
2008,331,5.21820393752926
2008,337,7.98641448286298
2008,368,10.3084080282444
2008,437,12.381554240728
2008,537,12.1115182695815
2008,637,10.9631794638703
2009,5,15.743869476582
2009,25,6.94344699530723
2009,27,12.0557089818391
2009,39,11.7833718020944
2009,43,13.4277509010412
2009,47,14.3336339479895
2009,53,13.4313947335806
2009,57,16.324693958781
2009,60,12.1817667631588
2009,62,10.4326047890421
2009,72,14.5463203514638
2009,78,13.2769940832927
2009,82,9.30806884894228
2009,86,13.2339424697629
2009,88,9.92360748404218
2009,96,12.4458439587117
2009,99,10.9745155034275
2009,127,10.719390876718
2009,129,14.6334939111453
2009,131,9.80782114445312
2009,137,13.1687793155438
2009,168,13.661835670372
2009,174,10.3672770835785
2009,192,16.9526090944647
2009,229,14.1078616010141
2009,231,7.74264801091245
2009,237,11.7619079487435
2009,268,12.9109895898911
2009,274,8.97431243981142
2009,292,15.5013458127816
2009,331,5.74375068238828
2009,337,8.12493849410186
2009,368,11.1590793030531
2009,437,13.0214288258309
2009,537,12.8319144350979
2009,637,11.837992193659
2010,5,15.9693819516035
2010,25,7.64326456510286
2010,27,11.5718244076095
2010,39,10.5462456320731
2010,43,13.722934229235
2010,47,14.5082703012376
2010,53,12.7967943912908
2010,57,16.1274283826651
2010,60,12.430896284558
2010,62,10.1988967414295
2010,72,15.3872273908492
2010,78,12.7254155792047
2010,82,9.04309331073958
2010,86,13.1440398961141
2010,88,10.0047169293519
2010,96,12.0103935082996
2010,99,10.3701970462703
2010,127,10.4109457051858
2010,129,14.2516755513133
2010,131,9.20670725787801
2010,137,13.0903748086059
2010,168,12.6232490255841
2010,174,10.1696496680581
2010,192,16.1316650515045
2010,229,13.6632668729437
2010,231,8.10823498457626
2010,237,11.4981201683244
2010,268,11.9816212843248
2010,274,9.06988974880228
2010,292,14.8647357747484
2010,331,6.0445201280211
2010,337,8.05125407863404
2010,368,10.2336523177679
2010,437,12.5909499869861
2010,537,13.0321371045746
2010,637,12.8916521609511
2011,5,13.8126183554611
2011,25,3.79881152955023
2011,27,7.89889600027759
2011,39,7.60717576837985
2011,43,11.47577446914
2011,47,11.4041331896421
2011,53,9.4468185805
2011,57,13.9173339340663
2011,60,8.30478862457425
2011,62,9.05075855228784
2011,72,13.2648480990523
2011,78,9.5928178467202
2011,82,5.33341486734157
2011,86,9.71816137571408
2011,88,5.79882570658554
2011,96,10.6303093044493
2011,99,7.25050476404583
2011,127,6.53457658474151
2011,129,10.9638303899267
2011,131,5.6844032337715
2011,137,9.42386636372095
2011,168,10.0215514963451
2011,174,7.57226805729369
2011,192,13.5099415938313
2011,229,10.2835477675639
2011,231,4.00295414375515
2011,237,8.74511391902596
2011,268,9.70564021384374
2011,274,5.95857473500269
2011,292,12.4470093841764
2011,331,2.7260676050967
2011,337,5.49599113402576
2011,368,8.11592616483842
2011,437,9.04975823893755
2011,537,8.98124158354122
2011,637,8.43086938004821
2012,5,15.0084455565559
2012,25,6.56016720352913
2012,27,11.4203584527058
2012,39,10.7185501722857
2012,43,13.2261587016772
2012,47,13.9387306777855
2012,53,12.3605625266778
2012,57,15.9731808582403
2012,60,11.8778131577401
2012,62,10.3125805258416
2012,72,13.6746327851414
2012,78,11.9650657426037
2012,82,8.94342218221643
2012,86,12.2483695728465
2012,88,9.67423877999949
2012,96,11.7182738131582
2012,99,10.871297017815
2012,127,10.3910765483855
2012,129,13.6160961175298
2012,131,9.1472704476499
2012,137,12.2288833867584
2012,168,11.3889207787828
2012,174,9.00642837517711
2012,192,15.7721829051647
2012,229,12.5360127036214
2012,231,7.5355857701336
2012,237,11.7040469105293
2012,268,11.0355523906082
2012,274,7.84014109216361
2012,292,14.2105267241525
2012,331,5.7035603522691
2012,337,6.24985209603518
2012,368,9.81506061772779
2012,437,11.6963959930589
2012,537,12.0561624121463
2012,637,12.3543948685603
2013,5,15.8227652358916
2013,25,5.82639186623135
2013,27,11.6793012234499
2013,39,10.9794068354916
2013,43,13.2349033425988
2013,47,14.3710306386183
2013,53,12.6284892992278
2013,57,16.2312176954131
2013,60,11.7729575933096
2013,62,9.77452652991033
2013,72,15.107383353142
2013,78,12.8428162878268
2013,82,8.57747413940593
2013,86,13.0337595192193
2013,88,9.01738575814828
2013,96,11.542981712166
2013,99,10.6470903398189
2013,127,9.82566467666981
2013,129,14.598551636624
2013,131,8.94804036627078
2013,137,12.3631363814579
2013,168,13.1233825520944
2013,174,9.87852395334492
2013,192,16.9225867785041
2013,229,13.9532329460707
2013,231,6.85350273879468
2013,237,9.77411098826065
2013,268,12.3911749303775
2013,274,8.22299088118467
2013,292,15.1897420593486
2013,331,4.99164451578465
2013,337,6.28810616499702
2013,368,10.3642699582183
2013,437,13.0082316219777
2013,537,12.6587969984746
2013,637,10.936694753759
2014,5,15.9096711023747
2014,25,5.7815226243456
2014,27,11.1183607824914
2014,39,10.0726458482998
2014,43,12.9174719157985
2014,47,13.4795592201433
2014,53,11.9024690523615
2014,57,15.5165621395763
2014,60,10.7525584574731
2014,62,10.2547060844403
2014,72,16.1654773476822
2014,78,11.811907847907
2014,82,8.13355038485243
2014,86,11.9157122900301
2014,88,9.00507369271851
2014,96,11.8767235943173
2014,99,9.92780057065086
2014,127,9.50704427819446
2014,129,13.3409402293263
2014,131,8.47474245258394
2014,137,11.0973038368904
2014,168,12.0936205626046
2014,174,8.52050815841064
2014,192,15.5285203470246
2014,229,12.751185501469
2014,231,6.84820180230222
2014,237,9.79808043258891
2014,268,11.4448933902096
2014,274,6.28649890577655
2014,292,14.1189642863067
2014,331,5.02626302410468
2014,337,7.94661253196422
2014,368,9.83558034508671
2014,437,11.2634742487592
2014,537,11.0874371412812
2014,637,9.9108050626004
2015,5,16.5511621164019
2015,25,7.03960521566649
2015,27,13.1343712426802
2015,39,12.0934407200764
2015,43,14.2459045186998
2015,47,15.4866713473613
2015,53,14.1536249593446
2015,57,16.4824820007487
2015,60,12.7268514319375
2015,62,11.1085878327333
2015,72,16.3248723176146
2015,78,13.6788962665567
2015,82,10.5856302879071
2015,86,13.7241094535072
2015,88,11.1264977139854
2015,96,12.4877866878841
2015,99,11.6506945169316
2015,127,11.7784524622905
2015,129,15.5502850152691
2015,131,10.4176636583211
2015,137,13.2984442195757
2015,168,13.8380856042801
2015,174,10.6684276363512
2015,192,16.7814463990098
2015,229,14.6750112641275
2015,231,8.55174552720721
2015,237,11.4611479210966
2015,268,13.3016732302987
2015,274,7.48129490783229
2015,292,15.6882645795297
2015,331,6.22611649313721
2015,337,9.3661659582345
2015,368,11.3929332500167
2015,437,13.5166049620291
2015,537,13.1202661683558
2015,637,11.4925887603189
2016,5,17.0105766408626
2016,25,8.51739469147381
2016,27,13.7961918884611
2016,39,13.439400944195
2016,43,13.8638527119056
2016,47,15.3384658193283
2016,53,14.7234901353983
2016,57,16.8028912495136
2016,60,13.7519661844817
2016,62,10.4350977284001
2016,72,16.5453257115604
2016,78,14.1006191135265
2016,82,11.3147371598802
2016,86,14.4407129676745
2016,88,12.2592971978769
2016,96,12.1744969302304
2016,99,12.7664327974957
2016,127,12.9024346631392
2016,129,15.725256496551
2016,131,11.5206439827178
2016,137,14.050313085977
2016,168,14.4340482340363
2016,174,11.3494106444328
2016,192,17.3970973596348
2016,229,15.190739943855
2016,231,8.97337074753538
2016,237,12.2863478601564
2016,268,13.741591409396
2016,274,9.54011766698893
2016,292,15.6330431095319
2016,331,6.56606066302831
2016,337,9.65804097512583
2016,368,12.3727184379479
2016,437,14.4167916936478
2016,537,14.0918554252698
2016,637,12.3902524024415
2017,5,16.5070699030552
2017,25,5.88216106228729
2017,27,11.8914665790022
2017,39,11.2291240590521
2017,43,13.7767814755015
2017,47,14.8908439153334
2017,53,13.4643638648177
2017,57,16.1419639236156
2017,60,12.2541678264743
2017,62,10.2869010339867
2017,72,16.6032001928239
2017,78,13.1090210799145
2017,82,9.32907965579367
2017,86,13.4519721646941
2017,88,10.2601230623886
2017,96,11.7337763607341
2017,99,11.0258730161179
2017,127,10.3494389886855
2017,129,14.8226963602142
2017,131,8.86393613399375
2017,137,12.7501918036257
2017,168,13.2945316443185
2017,174,10.285109077243
2017,192,16.7083593060048
2017,229,14.0833736111164
2017,231,6.31138828892745
2017,237,11.5694366867178
2017,268,12.5919072130475
2017,274,8.23432424383737
2017,292,14.9473669119302
2017,331,4.2075209022459
2017,337,9.30258499758768
2017,368,11.0265175407937
2017,437,12.781255180441
2017,537,12.7196151656419
2017,637,11.4519051906557
2018,5,14.3793692426905
2018,25,4.68803267319783
2018,27,11.709547564894
2018,39,11.8861880236195
2018,43,13.4326723119102
2018,47,15.2132980604087
2018,53,14.0904377647657
2018,57,14.2907905424068
2018,60,13.4266463648208
2018,62,9.51131609257565
2018,72,14.6361561284913
2018,78,14.1296786435027
2018,82,9.16719054663564
2018,86,14.571247115282
2018,88,9.68760605246538
2018,96,10.1568967151392
2018,99,13.0151387061954
2018,127,9.66091549005456
2018,129,15.5357526682469
2018,131,8.89671597279735
2018,137,13.5453984946943
2018,168,14.1485611803295
2018,174,11.2327496624646
2018,192,16.2976955163641
2018,229,15.2955416580626
2018,231,6.01031236713463
2018,237,11.1535421753419
2018,268,13.7080037538011
2018,274,10.5325505496191
2018,292,14.5672424873288
2018,331,3.71557459042808
2018,337,7.8312408114717
2018,368,12.8462172681034
2018,437,12.9576309783761
2018,537,13.3787572967993
2018,637,12.2095792729805
